成绩序号	玩家名字	铺面ID	RANK状态	完成状态	原分数	原pp	新分数	新pp
1	嗨	2245776	2	False	33830	46.0267	33830	0
2	嗨	2245776	2	False	33830	46.0267	33830	0
3	嗨	2245776	2	False	33830	46.0267	33830	0
4	嗨	2245776	2	False	33830	46.0267	33830	0
5	嗨	2245776	2	False	33830	46.0267	33830	0
6	嗨	2245776	2	False	33830	46.0267	33830	0
7	嗨	2245786	2	True	16810	4.99882	16810	5.148785591125488
8	嗨	2245786	2	False	16810	4.99882	16810	0
9	嗨	2245786	2	True	16810	4.99882	16810	5.148785591125488
10	嗨	2245786	2	True	16810	4.99882	16810	5.148785591125488
11	嗨	2245780	2	False	31510	25.3243	31510	0
12	嗨	2245786	2	True	16810	4.99882	16810	5.148785591125488
13	arily	1970829	2	False	85020	470.358	85020	0
14	arily	1970829	2	False	85020	470.358	85020	0
15	arily	1970829	2	False	85020	470.358	85020	0
16	arily	1970829	2	False	85020	470.358	85020	0
17	arily	1970829	2	False	85020	470.358	85020	0
18	arily	1970829	2	False	85020	470.358	85020	0
19	arily	1970829	2	False	85020	470.358	85020	0
20	arily	1970829	2	False	85020	470.358	85020	0
21	arily	1970829	2	False	85020	470.358	85020	0
22	你 也 要 过 饭 ？	0	-1	True	130040	132.331	130040	0
23	你 也 要 过 饭 ？	0	-1	True	130040	132.331	130040	0
24	你 也 要 过 饭 ？	0	-1	True	130040	132.331	130040	0
25	你 也 要 过 饭 ？	0	-1	True	130040	132.331	130040	0
26	你 也 要 过 饭 ？	0	-1	True	130040	132.331	130040	0
27	arily	1385398	2	False	122930	418.203	122930	0
28	arily	1385398	2	False	122930	418.203	122930	0
29	arily	1385398	2	False	122930	418.203	122930	0
30	arily	1385398	2	False	122930	418.203	122930	0
31	arily	1385398	2	False	122930	418.203	122930	0
32	arily	0	-1	False	52400	316.386	52400	0
33	arily	0	-1	False	52400	316.386	52400	0
34	arily	0	-1	False	52400	316.386	52400	0
35	arily	0	-1	False	52400	316.386	52400	0
36	arily	0	-1	False	52400	316.386	52400	0
37	arily	0	-1	False	52400	316.386	52400	0
38	arily	0	-1	False	52400	316.386	52400	0
39	arily	0	-1	False	52400	316.386	52400	0
40	arily	0	-1	False	52400	316.386	52400	0
41	arily	0	-1	False	52400	316.386	52400	0
42	黄旭东	0	-1	True	26120	56.9495	26120	0
43	黄旭东	0	-1	True	26120	56.9495	26120	0
44	黄旭东	0	-1	True	26120	56.9495	26120	0
45	黄旭东	0	-1	True	26120	56.9495	26120	0
46	黄旭东	0	-1	True	26120	56.9495	26120	0
47	黄旭东	0	-1	True	30700	61.4308	30700	0
48	黄旭东	0	-1	True	30700	61.4308	30700	0
49	黄旭东	0	-1	True	30700	61.4308	30700	0
50	黄旭东	0	-1	True	30700	61.4308	30700	0
51	黄旭东	0	-1	True	26120	56.9495	26120	0
52	黄旭东	0	-1	True	30700	61.4308	30700	0
53	黄旭东	0	-1	True	40620	70.5479	40620	0
54	黄旭东	0	-1	True	40620	70.5479	40620	0
55	黄旭东	0	-1	True	40620	70.5479	40620	0
56	黄旭东	0	-1	True	40620	70.5479	40620	0
57	黄旭东	0	-1	True	30700	61.4308	30700	0
58	黄旭东	0	-1	True	40620	70.5479	40620	0
59	黄旭东	0	-1	True	26120	56.9495	26120	0
60	黄旭东	0	-1	False	40620	70.5479	40620	0
61	黄旭东	0	-1	True	30700	61.4308	30700	0
62	黄旭东	0	-1	False	40620	70.5479	40620	0
63	黄旭东	0	-1	True	26120	56.9495	26120	0
64	黄旭东	0	-1	True	30700	61.4308	30700	0
65	黄旭东	0	-1	False	40620	70.5479	40620	0
66	黄旭东	0	-1	True	26120	56.9495	26120	0
67	黄旭东	0	-1	True	30700	61.4308	30700	0
68	黄旭东	0	-1	False	40620	70.5479	40620	0
69	嗨	0	-1	True	18930	3.78774	18930	0
70	嗨	0	-1	True	18930	3.78774	18930	0
71	嗨	0	-1	True	18930	3.78774	18930	0
72	嗨	0	-1	True	18930	3.78774	18930	0
73	嗨	0	-1	True	18930	3.78774	18930	0
74	嗨	0	-1	True	18930	3.78774	18930	0
75	嗨	0	-1	True	18930	3.78774	18930	0
76	嗨	0	-1	True	18930	3.78774	18930	0
77	嗨	0	-1	True	18930	3.78774	18930	0
78	我去要饭	1775270	5	True	85090	204.527	210	0.001
79	我去要饭	1775270	5	True	85090	204.527	210	0.001
80	我去要饭	1775270	5	True	85090	204.527	210	0.001
81	我去要饭	1775270	5	True	85090	204.527	210	0.001
82	我去要饭	1775270	5	True	85090	204.527	210	0.001
83	arily	0	-1	False	40030	405.956	40030	0
84	arily	0	-1	False	40030	405.956	40030	0
85	arily	0	-1	False	40030	405.956	40030	0
86	我去要饭	1775270	5	True	85090	204.527	210	0.001
87	arily	0	-1	False	40030	405.956	40030	0
88	arily	0	-1	False	40030	405.956	40030	0
89	arily	0	-1	False	40030	293.861	40030	0
90	arily	0	-1	False	40030	293.861	40030	0
91	arily	0	-1	False	40030	293.861	40030	0
92	arily	0	-1	False	40030	293.861	40030	0
93	arily	0	-1	False	40030	405.956	40030	0
94	arily	0	-1	False	40030	293.861	40030	0
95	arily	0	-1	False	40030	293.861	40030	0
96	arily	0	-1	False	40030	405.956	40030	0
97	arily	0	-1	False	40030	293.861	40030	0
98	我去要饭	1775270	5	True	85090	204.527	210	0.001
99	arily	0	-1	False	40030	405.956	40030	0
100	arily	0	-1	False	40030	293.861	40030	0
101	我去要饭	1775270	5	True	85090	204.527	210	0.001
102	arily	0	-1	False	40030	405.956	40030	0
103	arily	0	-1	False	40030	293.861	40030	0
104	我去要饭	1775270	5	True	85090	204.527	210	0.001
105	arily	0	-1	False	40030	405.956	40030	0
106	arily	0	-1	False	40030	293.861	40030	0
107	我去要饭	1775270	5	True	85090	204.527	210	0.001
108	我去要饭	1401254	2	True	87100	8.24216	87100	8.489420890808105
109	我去要饭	1401254	2	True	87100	8.24216	87100	8.489420890808105
110	我去要饭	1401254	2	True	87100	8.24216	87100	8.489420890808105
111	我去要饭	1401254	2	True	87100	8.24216	87100	8.489420890808105
112	我去要饭	1401254	2	True	87100	8.24216	87100	8.489420890808105
113	我去要饭	1401254	2	True	87100	8.24216	87100	8.489420890808105
114	我去要饭	1401254	2	True	87100	8.24216	87100	8.489420890808105
115	我去要饭	1401254	2	True	87100	8.24216	87100	8.489420890808105
116	我去要饭	86324	3	True	288560	4.91333	288560	5.060726642608643
117	我去要饭	86324	3	True	288560	4.91333	288560	5.060726642608643
118	我去要饭	86324	3	True	288560	4.91333	288560	5.060726642608643
119	我去要饭	86324	3	True	288560	4.91333	288560	5.060726642608643
120	我去要饭	1401254	2	True	87100	8.24216	87100	8.489420890808105
121	我去要饭	1134237	5	True	198830	0.000569385	0	0.001
122	我去要饭	1134237	5	True	198830	0.000569385	0	0.001
123	我去要饭	1134237	5	True	198830	0.000569385	0	0.001
124	我去要饭	1134237	5	True	198830	0.000569385	0	0.001
125	我去要饭	1134237	5	True	198830	0.000569385	0	0.001
126	我去要饭	1401254	2	True	82010	5.1094	82010	5.262678623199463
127	我去要饭	1401254	2	True	82010	5.1094	82010	5.262678623199463
128	我去要饭	1401254	2	True	82010	5.1094	82010	5.262678623199463
129	我去要饭	1401254	2	True	82010	5.1094	82010	5.262678623199463
130	我去要饭	1401254	2	True	82010	5.1094	82010	5.262678623199463
131	我去要饭	1401254	2	True	82010	5.1094	82010	5.262678623199463
132	我去要饭	1401254	2	True	82010	5.1094	82010	5.262678623199463
133	你 也 要 过 饭 ？	0	-1	True	101140	0.000833512	101140	0
134	你 也 要 过 饭 ？	0	-1	True	101140	0.000833512	101140	0
135	你 也 要 过 饭 ？	0	-1	True	101140	0.000833512	101140	0
136	你 也 要 过 饭 ？	0	-1	True	101140	0.000833512	101140	0
137	你 也 要 过 饭 ？	0	-1	True	101140	0.000833512	101140	0
138	你 也 要 过 饭 ？	0	-1	True	101140	0.000833512	101140	0
139	你 也 要 过 饭 ？	0	-1	True	101140	0.000833512	101140	0
140	我去要饭	1401254	2	True	82010	5.1094	82010	5.262678623199463
141	你 也 要 过 饭 ？	0	-1	True	101140	0.000833512	101140	0
142	你 也 要 过 饭 ？	0	-1	True	101140	0.000833512	101140	0
143	你 也 要 过 饭 ？	0	-1	True	101140	0.000833512	101140	0
144	我去要饭	1401254	2	True	82010	5.1094	82010	5.262678623199463
145	你 也 要 过 饭 ？	0	-1	True	101140	0.000833512	101140	0
146	我去要饭	0	-1	True	122980	6.26059	122980	0
147	我去要饭	0	-1	True	122980	6.26059	122980	0
148	我去要饭	0	-1	True	122980	6.26059	122980	0
149	我去要饭	0	-1	True	122980	6.26059	122980	0
150	我去要饭	0	-1	True	122980	6.26059	122980	0
151	我去要饭	0	-1	True	122980	6.26059	122980	0
152	我去要饭	0	-1	True	122980	6.26059	122980	0
153	我去要饭	0	-1	True	109340	0.608868	109340	0
154	我去要饭	0	-1	True	109340	0.608868	109340	0
155	我去要饭	0	-1	True	109340	0.608868	109340	0
156	我去要饭	0	-1	True	109340	0.608868	109340	0
157	我去要饭	0	-1	True	109340	0.608868	109340	0
158	我去要饭	0	-1	True	109340	0.608868	109340	0
159	我去要饭	0	-1	True	122980	6.26059	122980	0
160	我去要饭	0	-1	True	109340	0.608868	109340	0
161	我去要饭	0	-1	True	109340	0.608868	109340	0
162	我去要饭	1401254	2	True	82010	5.1094	82010	5.262678623199463
163	fellleaf	1849273	2	True	76910	64.9584	76910	66.90713500976562
164	fellleaf	1849273	2	True	76910	64.9584	76910	66.90713500976562
165	fellleaf	1849273	2	True	76910	64.9584	76910	66.90713500976562
166	我去要饭	0	-1	True	122980	6.26059	122980	0
167	fellleaf	1849273	2	True	76910	64.9584	76910	66.90713500976562
168	fellleaf	1849273	2	True	76910	64.9584	76910	66.90713500976562
169	我去要饭	1808605	5	True	539630	0.565187	0	0.001
170	我去要饭	1808605	5	True	539630	0.565187	0	0.001
171	我去要饭	1808605	5	True	539630	0.565187	0	0.001
172	我去要饭	1808605	5	True	539630	0.565187	0	0.001
173	fellleaf	1849273	2	True	76910	64.9584	76910	66.90713500976562
174	fellleaf	1849273	2	True	76910	64.9584	76910	66.90713500976562
175	我去要饭	0	-1	True	109340	0.608868	109340	0
176	fellleaf	1849273	2	True	76910	64.9584	76910	66.90713500976562
177	fellleaf	1849273	2	True	76910	64.9584	76910	66.90713500976562
178	我去要饭	0	-1	True	122980	6.26059	122980	0
179	我去要饭	0	-1	True	109340	0.608868	109340	0
180	fellleaf	1849273	2	True	76910	64.9584	76910	66.90713500976562
181	我去要饭	715043	5	True	257200	0.00555444	0	0.001
182	我去要饭	715043	5	True	257200	0.00555444	0	0.001
183	我去要饭	715043	5	True	257200	0.00555444	0	0.001
184	我去要饭	715043	5	True	257200	0.00555444	0	0.001
185	我去要饭	715043	5	True	257200	0.00555444	0	0.001
186	我去要饭	715043	5	True	257200	0.00555444	0	0.001
187	我去要饭	715043	5	True	257200	0.00555444	0	0.001
188	我去要饭	715043	5	True	257200	0.00555444	0	0.001
189	我去要饭	715043	5	True	257200	0.00555444	0	0.001
190	fellleaf	1849273	2	True	76910	64.9584	76910	66.90713500976562
191	我去要饭	715043	5	True	253850	0.00430856	0	0.001
192	我去要饭	715043	5	True	253850	0.00430856	0	0.001
193	我去要饭	715043	5	True	253850	0.00430856	0	0.001
194	我去要饭	715043	5	True	253850	0.00430856	0	0.001
195	我去要饭	715043	5	True	253850	0.00430856	0	0.001
196	我去要饭	715043	5	True	253850	0.00430856	0	0.001
197	我去要饭	715043	5	True	253850	0.00430856	0	0.001
198	我去要饭	715043	5	True	253850	0.00430856	0	0.001
199	我去要饭	0	-1	True	287550	0.408064	287550	0
200	我去要饭	0	-1	True	287550	0.408064	287550	0
201	我去要饭	0	-1	True	287550	0.408064	287550	0
202	我去要饭	0	-1	True	287550	0.408064	287550	0
203	我去要饭	715043	5	True	257200	0.00555444	0	0.001
204	我去要饭	715043	5	True	253850	0.00430856	0	0.001
205	我去要饭	1401254	2	True	82510	5.63096	82510	5.799893379211426
206	我去要饭	1401254	2	True	82510	5.63096	82510	5.799893379211426
207	我去要饭	1401254	2	True	82510	5.63096	82510	5.799893379211426
208	我去要饭	1401254	2	True	82510	5.63096	82510	5.799893379211426
209	我去要饭	1401254	2	True	82510	5.63096	82510	5.799893379211426
210	我去要饭	1401254	2	True	82510	5.63096	82510	5.799893379211426
211	我去要饭	1401254	2	True	82510	5.63096	82510	5.799893379211426
212	秘制小汉堡	816327	2	False	306690	3.65923e-06	306690	0
213	秘制小汉堡	816327	2	True	306690	3.65923e-06	306690	3.769001750697498e-06
214	秘制小汉堡	816327	2	True	306690	3.65923e-06	306690	3.769001750697498e-06
215	秘制小汉堡	816327	2	True	306690	3.65923e-06	306690	3.769001750697498e-06
216	秘制小汉堡	816327	2	True	306690	3.65923e-06	306690	3.769001750697498e-06
217	秘制小汉堡	816327	2	True	306690	3.65923e-06	306690	3.769001750697498e-06
218	秘制小汉堡	816327	2	True	306690	3.65923e-06	306690	3.769001750697498e-06
219	秘制小汉堡	816327	2	True	306690	3.65923e-06	306690	3.769001750697498e-06
220	秘制小汉堡	252238	3	True	569820	0.891015	569820	0.9177453517913818
221	秘制小汉堡	252238	3	True	569820	0.891015	569820	0.9177453517913818
222	秘制小汉堡	252238	3	True	569820	0.891015	569820	0.9177453517913818
223	秘制小汉堡	252238	3	True	569820	0.891015	569820	0.9177453517913818
224	秘制小汉堡	252238	3	True	569820	0.891015	569820	0.9177453517913818
225	秘制小汉堡	252238	3	True	569820	0.891015	569820	0.9177453517913818
226	秘制小汉堡	252238	3	True	569820	0.891015	569820	0.9177453517913818
227	秘制小汉堡	816327	2	True	306690	3.65923e-06	306690	3.769001750697498e-06
228	嗨	0	-1	True	48230	11.1714	48230	0
229	嗨	1531739	0	True	28200	2833.85	1700	0.001
230	你 也 要 过 饭 ？	0	-1	False	283890	0.0	283890	0
231	嗨	0	-1	False	73460	0.0	73460	0
232	嗨	0	-1	True	52430	0.0	52430	0
233	嗨	0	-1	False	20100	0.0	20100	0
234	drugs520	0	-1	False	37650	1500.64	37650	0
235	drugs520	0	-1	True	38400	1987.63	38400	0
236	drugs520	0	-1	True	76800	4296.81	76800	0
237	drugs520	0	-1	True	76800	4296.81	76800	0
238	drugs520	0	-1	True	115500	5740.07	115500	0
239	drugs520	0	-1	False	40670	0.0	40670	0
240	drugs520	0	-1	True	57960	1093.99	57960	0
241	drugs520	0	-1	True	65680	1237.01	65680	0
242	drugs520	0	-1	False	61930	0.0	61930	0
243	drugs520	0	-1	False	15530	0.0	15530	0
244	drugs520	0	-1	True	25200	610.586	25200	0
245	drugs520	0	-1	True	30150	739.744	30150	0
246	drugs520	0	-1	False	36300	1126.36	36300	0
247	drugs520	0	-1	False	41920	1174.62	41920	0
248	drugs520	0	-1	False	35350	1374.1	35350	0
249	drugs520	0	-1	False	25460	0.0	25460	0
250	drugs520	0	-1	False	29920	0.0	29920	0
251	drugs520	0	-1	True	34260	938.977	34260	0
252	drugs520	0	-1	True	36520	1312.5	36520	0
253	drugs520	0	-1	False	24680	0.0	24680	0
254	drugs520	0	-1	False	48310	0.0	48310	0
255	drugs520	0	-1	True	99490	1363.61	99490	0
256	drugs520	0	-1	False	14080	0.0	14080	0
257	drugs520	0	-1	False	84590	0.0	84590	0
258	drugs520	0	-1	False	24880	0.0	24880	0
259	drugs520	0	-1	False	48760	0.0	48760	0
260	drugs520	0	-1	False	32500	0.0	32500	0
261	drugs520	0	-1	False	33500	0.0	33500	0
262	drugs520	0	-1	False	51400	0.0	51400	0
263	drugs520	0	-1	False	55250	0.0	55250	0
264	drugs520	0	-1	True	22600	291.125	22600	0
265	drugs520	0	-1	False	38300	1045.04	38300	0
266	drugs520	0	-1	False	32150	938.29	32150	0
267	drugs520	0	-1	False	23700	0.0	23700	0
268	drugs520	0	-1	False	34630	846.006	34630	0
269	drugs520	0	-1	False	35270	1105.76	35270	0
270	drugs520	0	-1	False	18200	0.0	18200	0
271	drugs520	0	-1	True	35690	1107.33	35690	0
272	drugs520	0	-1	True	35990	1309.17	35990	0
273	drugs520	0	-1	False	111100	1266.16	111100	0
274	drugs520	0	-1	False	12700	0.0	12700	0
275	drugs520	0	-1	True	114000	1628.23	114000	0
276	drugs520	0	-1	True	114800	1653.28	114800	0
277	drugs520	0	-1	True	114600	1718.32	114600	0
278	drugs520	0	-1	True	105660	1365.47	105660	0
279	drugs520	0	-1	True	106660	1423.66	106660	0
280	drugs520	0	-1	False	27680	0.0	27680	0
281	drugs520	0	-1	False	41010	0.0	41010	0
282	drugs520	0	-1	False	35050	0.0	35050	0
283	drugs520	0	-1	False	41840	0.0	41840	0
284	drugs520	0	-1	False	147850	1357.37	147850	0
285	drugs520	0	-1	True	34560	919.639	34560	0
286	drugs520	0	-1	True	78900	928.716	78900	0
287	fellleaf	0	-1	True	204250	135.799	204250	0
288	fellleaf	676172	2	True	300290	64.7347	300290	81.36495971679688
289	fellleaf	1373950	2	True	38620	95.8505	38620	68.79922485351562
290	fellleaf	0	-1	True	116680	146.16	116680	0
291	fellleaf	0	-1	False	29490	0.0	29490	0
292	fellleaf	0	-1	False	158090	0.0	158090	0
293	fellleaf	0	-1	False	15500	0.0	15500	0
294	fellleaf	0	-1	True	166910	112.513	166910	0
295	fellleaf	2046445	5	False	46570	0.0	46570	0
296	fellleaf	0	-1	False	26610	0.0	26610	0
297	fellleaf	1573997	2	False	42320	0.0	42320	0
298	fellleaf	0	-1	False	222000	0.0	222000	0
299	fellleaf	784791	2	False	68630	0.0	68630	0
300	fellleaf	725718	2	False	68820	0.0	68820	0
301	fellleaf	0	-1	False	123350	0.0	123350	0
302	fellleaf	0	-1	True	186200	123.022	186200	0
303	fellleaf	0	-1	True	251100	18.5575	251100	0
304	fellleaf	0	-1	True	291290	125.905	291290	0
305	fellleaf	930249	2	True	280430	108.16	280430	117.00709533691406
306	fellleaf	0	-1	True	220110	56.1488	220110	0
307	fellleaf	0	-1	False	236070	0.0	236070	0
308	fellleaf	0	-1	True	252990	30.2607	252990	0
309	fellleaf	0	-1	False	173630	0.0	173630	0
310	fellleaf	0	-1	True	205910	23.1243	205910	0
311	fellleaf	0	-1	False	37390	0.0	37390	0
312	fellleaf	909032	2	False	102270	89.0387	102270	0
313	fellleaf	0	-1	False	32240	0.0	32240	0
314	fellleaf	0	-1	False	32560	0.0	32560	0
315	fellleaf	0	-1	False	229640	0.0	229640	0
316	fellleaf	1649842	2	True	128310	133.921	128310	125.36544036865234
317	fellleaf	0	-1	False	79230	0.0	79230	0
318	fellleaf	0	-1	False	131640	0.0	131640	0
319	fellleaf	657917	2	True	561890	63.0682	561890	73.23175048828125
320	fellleaf	0	-1	False	22070	0.0	22070	0
321	fellleaf	0	-1	False	89540	0.0	89540	0
322	fellleaf	0	-1	False	20730	0.0	20730	0
323	fellleaf	0	-1	True	442260	38.2046	442260	0
324	fellleaf	0	-1	False	12450	0.0	12450	0
325	fellleaf	0	-1	True	154020	3.87883	154020	0
326	fellleaf	0	-1	False	39380	0.0	39380	0
327	fellleaf	0	-1	False	125130	8.02477	125130	0
328	fellleaf	0	-1	False	77290	0.0	77290	0
329	fellleaf	0	-1	True	100790	189.994	100790	0
330	fellleaf	0	-1	False	23310	0.0	23310	0
331	fellleaf	0	-1	False	15510	0.0	15510	0
332	fellleaf	0	-1	False	15210	0.0	15210	0
333	fellleaf	0	-1	False	23490	0.0	23490	0
334	fellleaf	2025942	2	False	63290	116.444	63290	0
335	fellleaf	714001	2	True	88880	149.53	88880	153.95904541015625
336	fellleaf	0	-1	False	85830	0.0	85830	0
337	fellleaf	0	-1	True	350740	9.00449	350740	0
338	fellleaf	320127	2	False	53180	0.0	53180	0
339	fellleaf	0	-1	True	256070	70.9298	256070	0
340	fellleaf	0	-1	True	221130	145.893	221130	0
341	fellleaf	0	-1	False	103800	0.0	103800	0
342	fellleaf	2129143	2	False	22080	0.0	22080	0
343	drugs520	0	-1	False	25290	0.0	25290	0
344	drugs520	0	-1	False	23060	0.0	23060	0
345	drugs520	0	-1	False	36220	0.0	36220	0
346	drugs520	0	-1	False	24770	0.0	24770	0
347	drugs520	0	-1	False	26500	0.0	26500	0
348	drugs520	0	-1	False	26000	0.0	26000	0
349	drugs520	0	-1	False	61200	0.0	61200	0
350	drugs520	0	-1	False	23500	0.0	23500	0
351	drugs520	0	-1	False	41900	0.0	41900	0
352	drugs520	0	-1	False	24750	0.0	24750	0
353	drugs520	0	-1	False	24400	0.0	24400	0
354	drugs520	0	-1	False	25800	0.0	25800	0
355	drugs520	0	-1	False	66900	0.0	66900	0
356	drugs520	0	-1	False	27750	0.0	27750	0
357	drugs520	0	-1	True	120000	784.731	120000	0
358	drugs520	0	-1	False	45960	0.0	45960	0
359	drugs520	0	-1	False	30760	0.0	30760	0
360	drugs520	0	-1	False	48610	0.0	48610	0
361	drugs520	0	-1	False	40960	0.0	40960	0
362	drugs520	0	-1	True	97090	1345.44	97090	0
363	drugs520	0	-1	False	31440	0.0	31440	0
364	drugs520	0	-1	False	31030	0.0	31030	0
365	drugs520	0	-1	False	31830	0.0	31830	0
366	drugs520	0	-1	False	47960	0.0	47960	0
367	drugs520	0	-1	False	49360	0.0	49360	0
368	drugs520	0	-1	False	31730	0.0	31730	0
369	drugs520	0	-1	False	48460	0.0	48460	0
370	drugs520	0	-1	False	31530	0.0	31530	0
371	drugs520	0	-1	False	85210	0.0	85210	0
372	drugs520	0	-1	False	21000	0.0	21000	0
373	drugs520	0	-1	True	34570	945.959	34570	0
374	drugs520	0	-1	True	31840	720.25	31840	0
375	drugs520	0	-1	False	21000	0.0	21000	0
376	drugs520	0	-1	True	34870	1011.72	34870	0
377	drugs520	0	-1	True	35200	877.36	35200	0
378	drugs520	0	-1	True	34050	895.867	34050	0
379	drugs520	0	-1	True	35600	1352.78	35600	0
380	drugs520	0	-1	False	32930	0.0	32930	0
381	drugs520	0	-1	False	21000	0.0	21000	0
382	drugs520	0	-1	True	34640	1159.62	34640	0
383	drugs520	0	-1	False	34090	0.0	34090	0
384	drugs520	0	-1	False	31030	0.0	31030	0
385	drugs520	0	-1	True	35810	1265.61	35810	0
386	drugs520	0	-1	False	21810	0.0	21810	0
387	drugs520	0	-1	False	39180	0.0	39180	0
388	drugs520	0	-1	False	23390	0.0	23390	0
389	drugs520	0	-1	True	46260	474.29	46260	0
390	drugs520	0	-1	True	46490	482.764	46490	0
391	drugs520	0	-1	False	34490	0.0	34490	0
392	drugs520	0	-1	True	46950	676.87	46950	0
393	drugs520	0	-1	True	28480	510.767	28480	0
394	drugs520	0	-1	True	27960	570.282	27960	0
395	drugs520	0	-1	True	29260	616.287	29260	0
396	drugs520	0	-1	True	30310	675.684	30310	0
397	drugs520	0	-1	True	30510	692.944	30510	0
398	drugs520	0	-1	False	31930	0.0	31930	0
399	drugs520	0	-1	False	28180	0.0	28180	0
400	drugs520	0	-1	False	49410	367.172	49410	0
401	drugs520	0	-1	True	51750	655.192	51750	0
402	drugs520	0	-1	False	11190	0.0	11190	0
403	drugs520	0	-1	False	18340	0.0	18340	0
404	drugs520	0	-1	False	20690	0.0	20690	0
405	drugs520	0	-1	False	21090	0.0	21090	0
406	drugs520	0	-1	False	21720	0.0	21720	0
407	drugs520	0	-1	False	10390	0.0	10390	0
408	drugs520	0	-1	False	15900	0.0	15900	0
409	drugs520	0	-1	True	46670	628.045	46670	0
410	drugs520	0	-1	False	16360	0.0	16360	0
411	黄旭东	0	-1	False	112720	0.0	112720	0
412	黄旭东	1605148	5	False	24990	0.0	24990	0
413	drugs520	0	-1	False	24730	0.0	24730	0
414	drugs520	0	-1	False	93150	0.0	93150	0
415	drugs520	0	-1	False	33580	0.0	33580	0
416	drugs520	0	-1	False	31680	0.0	31680	0
417	drugs520	0	-1	False	33570	0.0	33570	0
418	drugs520	754816	0	False	16150	0.0	16150	0
419	drugs520	1531739	0	True	28200	2833.85	1700	0.001
420	drugs520	1531739	0	False	28200	2672.78	28200	0
421	drugs520	657917	2	False	52430	0.0	52430	0
422	drugs520	0	-1	False	20650	0.0	20650	0
423	drugs520	0	-1	False	12940	0.0	12940	0
424	drugs520	0	-1	False	11140	0.0	11140	0
425	drugs520	0	-1	False	10810	0.0	10810	0
426	drugs520	0	-1	False	13040	0.0	13040	0
427	drugs520	0	-1	False	16130	0.0	16130	0
428	drugs520	0	-1	False	10860	0.0	10860	0
429	drugs520	0	-1	False	44250	260.595	44250	0
430	drugs520	0	-1	False	10130	0.0	10130	0
431	drugs520	0	-1	False	52380	1184.58	52380	0
432	drugs520	0	-1	False	10130	0.0	10130	0
433	drugs520	0	-1	False	43110	0.0	43110	0
434	drugs520	0	-1	True	52200	1226.33	52200	0
435	drugs520	0	-1	False	10460	0.0	10460	0
436	drugs520	0	-1	True	52760	1479.38	52760	0
437	drugs520	0	-1	False	66620	0.0	66620	0
438	drugs520	0	-1	False	10650	0.0	10650	0
439	drugs520	0	-1	False	18170	0.0	18170	0
440	drugs520	0	-1	False	78100	0.0	78100	0
441	drugs520	0	-1	False	81680	0.0	81680	0
442	drugs520	0	-1	False	92310	0.0	92310	0
443	我去要饭	0	-1	True	88790	0.597665	88790	0
444	drugs520	0	-1	True	350820	1605.35	350820	0
445	drugs520	0	-1	True	356360	2230.53	356360	0
446	drugs520	0	-1	False	26670	0.0	26670	0
447	drugs520	0	-1	False	47780	0.0	47780	0
448	drugs520	0	-1	False	246920	258.972	246920	0
449	drugs520	0	-1	False	11050	0.0	11050	0
450	drugs520	0	-1	False	22230	0.0	22230	0
451	drugs520	0	-1	False	41630	0.0	41630	0
452	黄旭东	2089468	0	True	374650	496.104	207	0.001
453	drugs520	0	-1	True	561360	13.0749	561360	0
454	drugs520	0	-1	True	620540	1371.41	620540	0
455	drugs520	0	-1	False	144500	0.0	144500	0
456	drugs520	0	-1	True	763550	594.553	763550	0
457	drugs520	0	-1	False	231750	0.0	231750	0
458	drugs520	0	-1	False	411750	0.0	411750	0
459	drugs520	0	-1	True	771700	1649.46	771700	0
460	drugs520	0	-1	True	777200	2670.46	777200	0
461	drugs520	0	-1	True	1094400	2363.11	1094400	0
462	drugs520	0	-1	False	27320	0.0	27320	0
463	drugs520	0	-1	True	80480	1014.32	80480	0
464	drugs520	0	-1	False	14150	0.0	14150	0
465	drugs520	0	-1	False	64020	0.0	64020	0
466	drugs520	0	-1	True	118060	1068.44	118060	0
467	drugs520	0	-1	False	22370	0.0	22370	0
468	drugs520	0	-1	False	28790	0.0	28790	0
469	drugs520	0	-1	False	22970	0.0	22970	0
470	drugs520	0	-1	False	29050	0.0	29050	0
471	drugs520	0	-1	False	35200	0.0	35200	0
472	drugs520	0	-1	False	53410	0.0	53410	0
473	drugs520	0	-1	False	33370	0.0	33370	0
474	drugs520	0	-1	True	128790	931.207	128790	0
475	drugs520	0	-1	False	20260	0.0	20260	0
476	drugs520	0	-1	False	28480	0.0	28480	0
477	drugs520	0	-1	False	43570	0.0	43570	0
478	drugs520	0	-1	False	38730	0.0	38730	0
479	drugs520	0	-1	False	38730	0.0	38730	0
480	drugs520	0	-1	True	128570	1237.36	128570	0
481	drugs520	0	-1	False	38730	0.0	38730	0
482	drugs520	0	-1	False	58750	0.0	58750	0
483	drugs520	0	-1	False	53020	0.0	53020	0
484	drugs520	0	-1	False	49400	0.0	49400	0
485	drugs520	0	-1	False	39130	0.0	39130	0
486	drugs520	0	-1	False	57850	0.0	57850	0
487	drugs520	0	-1	False	54710	0.0	54710	0
488	drugs520	0	-1	False	23980	0.0	23980	0
489	drugs520	0	-1	False	47000	0.0	47000	0
490	drugs520	0	-1	False	54940	0.0	54940	0
491	drugs520	0	-1	True	129420	1260.27	129420	0
492	drugs520	0	-1	False	71440	0.0	71440	0
493	drugs520	0	-1	True	129450	1414.94	129450	0
494	drugs520	0	-1	False	15780	0.0	15780	0
495	drugs520	0	-1	False	101780	0.0	101780	0
496	drugs520	0	-1	False	157170	0.0	157170	0
497	drugs520	0	-1	False	17950	0.0	17950	0
498	drugs520	0	-1	False	21200	0.0	21200	0
499	drugs520	0	-1	False	27210	0.0	27210	0
500	drugs520	0	-1	False	125770	0.0	125770	0
501	drugs520	0	-1	False	354390	0.0	354390	0
502	drugs520	0	-1	False	11060	0.0	11060	0
503	drugs520	0	-1	True	707650	1503.85	707650	0
504	drugs520	0	-1	False	337710	0.0	337710	0
505	drugs520	0	-1	False	150900	0.0	150900	0
506	drugs520	0	-1	True	709360	2271.4	709360	0
507	drugs520	0	-1	True	6120	69.3624	6120	0
508	drugs520	0	-1	False	16460	0.0	16460	0
509	drugs520	0	-1	False	16900	0.0	16900	0
510	drugs520	1701404	2	True	113250	594.364	113250	415.62939453125
511	drugs520	2097898	2	False	44180	0.0	44180	0
512	drugs520	2097898	2	False	58190	0.0	58190	0
513	drugs520	2097898	2	False	10260	0.0	10260	0
514	drugs520	0	-1	True	49180	569.229	49180	0
515	嗨	2245776	2	True	33530	66.7999	33530	39.20044708251953
516	秘制小汉堡	0	-1	False	111550	114.02	111550	0
517	秘制小汉堡	816327	2	True	402900	0.00329703	402900	0.0027513611130416393
518	秘制小汉堡	0	-1	False	109820	22.9189	109820	0
519	秘制小汉堡	0	-1	True	119260	122.632	119260	0
520	秘制小汉堡	0	-1	True	340890	46.8476	340890	0
521	秘制小汉堡	0	-1	False	57640	117.94	57640	0
522	秘制小汉堡	0	-1	False	57250	133.919	57250	0
523	秘制小汉堡	0	-1	False	11340	0.0	11340	0
524	秘制小汉堡	0	-1	False	55770	118.304	55770	0
525	秘制小汉堡	0	-1	False	11340	0.0	11340	0
526	秘制小汉堡	0	-1	False	52060	89.6414	52060	0
527	秘制小汉堡	0	-1	False	10910	0.0	10910	0
528	秘制小汉堡	0	-1	False	10380	0.0	10380	0
529	秘制小汉堡	0	-1	False	55190	77.2029	55190	0
530	秘制小汉堡	0	-1	False	10680	0.0	10680	0
531	秘制小汉堡	0	-1	True	57630	176.982	57630	0
532	秘制小汉堡	0	-1	False	10850	0.0	10850	0
533	秘制小汉堡	0	-1	False	10740	0.0	10740	0
534	秘制小汉堡	0	-1	False	57730	146.675	57730	0
535	秘制小汉堡	0	-1	False	12010	0.0	12010	0
536	秘制小汉堡	0	-1	False	56460	97.8733	56460	0
537	秘制小汉堡	1474956	2	False	41700	0.0	41700	0
538	秘制小汉堡	1474956	2	True	105000	187.895	105000	133.2978515625
539	秘制小汉堡	1474956	2	False	104180	128.69	104180	0
540	秘制小汉堡	1474946	2	True	117480	78.667	117480	56.72659683227539
541	秘制小汉堡	0	-1	False	172570	284.01	172570	0
542	秘制小汉堡	0	-1	False	171310	288.947	171310	0
543	秘制小汉堡	0	-1	False	173440	370.679	173440	0
544	秘制小汉堡	0	-1	False	19740	0.0	19740	0
545	秘制小汉堡	0	-1	False	20730	0.0	20730	0
546	秘制小汉堡	0	-1	True	174100	454.389	174100	0
547	秘制小汉堡	116128	2	False	25330	0.0	25330	0
548	秘制小汉堡	116128	2	False	83850	0.0	83850	0
549	秘制小汉堡	116128	2	False	14490	0.0	14490	0
550	秘制小汉堡	116128	2	False	192310	268.966	192310	0
551	秘制小汉堡	116128	2	False	14950	0.0	14950	0
552	秘制小汉堡	116128	2	True	192470	322.935	192470	98.05992889404297
553	秘制小汉堡	754819	0	False	15600	0.0	15600	0
554	秘制小汉堡	754819	0	False	10100	0.0	10100	0
555	秘制小汉堡	754819	0	False	90470	332.116	90470	0
556	秘制小汉堡	754819	0	True	94320	827.904	190	0.001
557	秘制小汉堡	0	-1	True	432640	0.175399	432640	0
558	秘制小汉堡	754820	0	False	91570	344.237	91570	0
559	秘制小汉堡	754820	0	False	14250	0.0	14250	0
560	秘制小汉堡	754820	0	False	90520	327.102	90520	0
561	秘制小汉堡	129891	3	True	577080	20.031	577080	15.860692024230957
562	秘制小汉堡	1181761	2	True	287200	4.11302	287200	1.4844523668289185
563	秘制小汉堡	0	-1	True	85450	59.2784	85450	0
564	秘制小汉堡	0	-1	False	155100	44.2649	155100	0
565	秘制小汉堡	0	-1	False	155970	34.6357	155970	0
566	秘制小汉堡	0	-1	True	160420	81.3142	160420	0
567	秘制小汉堡	0	-1	False	75150	3250.58	75150	0
568	秘制小汉堡	0	-1	True	76800	3314.14	76800	0
569	秘制小汉堡	0	-1	True	115500	4421.99	115500	0
570	秘制小汉堡	0	-1	True	76800	3314.14	76800	0
571	秘制小汉堡	0	-1	True	38400	1548.0	38400	0
572	秘制小汉堡	0	-1	False	49220	24.1408	49220	0
573	秘制小汉堡	0	-1	False	47340	0.0	47340	0
574	秘制小汉堡	0	-1	False	15640	0.0	15640	0
575	秘制小汉堡	0	-1	False	52330	22.2084	52330	0
576	秘制小汉堡	0	-1	True	63830	130.417	63830	0
577	秘制小汉堡	0	-1	False	14660	0.0	14660	0
578	秘制小汉堡	40017	2	False	15440	0.0	15440	0
579	秘制小汉堡	40017	2	False	115360	54.8588	115360	0
580	秘制小汉堡	40017	2	False	12490	0.0	12490	0
581	秘制小汉堡	40017	2	True	118710	55.4651	118710	29.78428840637207
582	秘制小汉堡	0	-1	False	37070	0.0	37070	0
583	秘制小汉堡	0	-1	True	326790	66.1354	326790	0
584	秘制小汉堡	0	-1	False	29350	0.0	29350	0
585	秘制小汉堡	0	-1	False	112270	124.089	112270	0
586	秘制小汉堡	0	-1	False	23000	0.0	23000	0
587	秘制小汉堡	0	-1	False	22650	0.0	22650	0
588	秘制小汉堡	0	-1	True	113100	290.58	113100	0
589	黄旭东	0	-1	False	100550	0.0	100550	0
590	黄旭东	1925029	0	False	32290	0.0	32290	0
591	黄旭东	1531739	0	True	28200	2833.85	1700	0.001
592	黄旭东	1546217	0	True	151940	291.491	195	0.001
593	drugs520	0	-1	False	11500	0.0	11500	0
594	drugs520	0	-1	False	12300	0.0	12300	0
595	drugs520	0	-1	False	32770	994.781	32770	0
596	drugs520	0	-1	False	33480	982.583	33480	0
597	drugs520	0	-1	False	31150	856.971	31150	0
598	drugs520	0	-1	False	30300	831.909	30300	0
599	drugs520	0	-1	True	32630	1079.88	32630	0
600	drugs520	0	-1	False	35740	1046.76	35740	0
601	drugs520	0	-1	False	36670	1116.13	36670	0
602	drugs520	0	-1	True	37300	1259.14	37300	0
603	drugs520	0	-1	False	20400	0.0	20400	0
604	drugs520	0	-1	False	26930	0.0	26930	0
605	drugs520	0	-1	False	32320	809.982	32320	0
606	drugs520	0	-1	False	29310	0.0	29310	0
607	drugs520	0	-1	True	35280	959.623	35280	0
608	drugs520	0	-1	False	30360	0.0	30360	0
609	drugs520	0	-1	False	35430	825.787	35430	0
610	drugs520	0	-1	True	35120	1163.89	35120	0
611	drugs520	0	-1	False	18100	0.0	18100	0
612	drugs520	0	-1	False	33850	0.0	33850	0
613	drugs520	0	-1	False	27560	0.0	27560	0
614	drugs520	0	-1	False	31410	0.0	31410	0
615	drugs520	0	-1	True	36230	1263.78	36230	0
616	drugs520	0	-1	False	21400	0.0	21400	0
617	drugs520	0	-1	False	97360	777.95	97360	0
618	drugs520	0	-1	False	98830	727.944	98830	0
619	drugs520	0	-1	True	99860	1040.78	99860	0
620	drugs520	0	-1	False	22240	0.0	22240	0
621	drugs520	0	-1	False	36490	0.0	36490	0
622	drugs520	0	-1	False	48110	712.297	48110	0
623	drugs520	0	-1	False	19740	0.0	19740	0
624	drugs520	0	-1	False	61680	826.173	61680	0
625	drugs520	0	-1	False	15270	0.0	15270	0
626	drugs520	0	-1	False	17630	0.0	17630	0
627	drugs520	0	-1	False	19610	0.0	19610	0
628	drugs520	0	-1	False	55230	800.411	55230	0
629	drugs520	0	-1	False	17660	0.0	17660	0
630	drugs520	0	-1	False	56030	804.751	56030	0
631	drugs520	0	-1	False	20880	0.0	20880	0
632	drugs520	0	-1	False	19490	0.0	19490	0
633	drugs520	0	-1	False	22820	0.0	22820	0
634	drugs520	0	-1	False	19590	0.0	19590	0
635	drugs520	0	-1	False	15130	0.0	15130	0
636	drugs520	0	-1	False	19490	0.0	19490	0
637	drugs520	0	-1	False	18640	0.0	18640	0
638	drugs520	0	-1	False	52350	791.663	52350	0
639	drugs520	0	-1	True	115100	1795.95	115100	0
640	drugs520	0	-1	False	17930	0.0	17930	0
641	drugs520	0	-1	False	15530	0.0	15530	0
642	drugs520	0	-1	False	20720	0.0	20720	0
643	drugs520	0	-1	False	60870	601.724	60870	0
644	drugs520	0	-1	False	58490	750.498	58490	0
645	drugs520	0	-1	False	26550	0.0	26550	0
646	drugs520	0	-1	False	22190	0.0	22190	0
647	drugs520	0	-1	False	62000	948.724	62000	0
648	drugs520	0	-1	True	59960	1329.57	59960	0
649	drugs520	0	-1	False	20790	0.0	20790	0
650	drugs520	0	-1	False	24210	0.0	24210	0
651	drugs520	0	-1	False	22860	0.0	22860	0
652	drugs520	0	-1	False	56900	1193.32	56900	0
653	drugs520	0	-1	False	25800	0.0	25800	0
654	drugs520	0	-1	False	17260	0.0	17260	0
655	drugs520	0	-1	False	55470	1168.75	55470	0
656	drugs520	0	-1	False	21810	0.0	21810	0
657	drugs520	0	-1	False	32890	0.0	32890	0
658	drugs520	0	-1	False	56150	1243.13	56150	0
659	drugs520	0	-1	False	22740	0.0	22740	0
660	drugs520	0	-1	False	19790	0.0	19790	0
661	drugs520	0	-1	False	19940	0.0	19940	0
662	drugs520	0	-1	False	22980	0.0	22980	0
663	drugs520	0	-1	False	15490	0.0	15490	0
664	drugs520	0	-1	False	18970	0.0	18970	0
665	drugs520	0	-1	False	18640	0.0	18640	0
666	drugs520	0	-1	False	25350	0.0	25350	0
667	drugs520	0	-1	False	23710	0.0	23710	0
668	drugs520	0	-1	False	20090	0.0	20090	0
669	drugs520	0	-1	False	15090	0.0	15090	0
670	drugs520	0	-1	False	22390	0.0	22390	0
671	drugs520	0	-1	False	20190	0.0	20190	0
672	drugs520	0	-1	False	19560	0.0	19560	0
673	drugs520	0	-1	False	18060	0.0	18060	0
674	drugs520	0	-1	True	31500	1031.19	31500	0
675	drugs520	0	-1	True	26050	927.912	26050	0
676	drugs520	0	-1	False	29390	0.0	29390	0
677	drugs520	0	-1	False	29590	0.0	29590	0
678	drugs520	0	-1	False	29200	0.0	29200	0
679	drugs520	0	-1	False	29620	0.0	29620	0
680	drugs520	0	-1	False	29990	0.0	29990	0
681	drugs520	0	-1	False	28960	0.0	28960	0
682	drugs520	0	-1	False	50900	0.0	50900	0
683	drugs520	0	-1	False	60700	0.0	60700	0
684	drugs520	0	-1	False	56400	0.0	56400	0
685	drugs520	0	-1	False	107300	1468.49	107300	0
686	drugs520	0	-1	False	28300	0.0	28300	0
687	drugs520	0	-1	True	108900	1718.81	108900	0
688	drugs520	137121	0	False	103000	0.0	103000	0
689	My angel arily	0	-1	False	125580	0.0	125580	0
690	drugs520	1192807	5	False	234460	0.0	234460	0
691	drugs520	0	-1	False	24200	0.0	24200	0
692	drugs520	0	-1	False	89210	0.0	89210	0
693	drugs520	0	-1	True	148150	1410.19	148150	0
694	My angel arily	555797	2	True	498810	547.752	498810	421.6661682128906
695	My angel arily	1531739	0	True	28200	2833.85	1700	0.001
696	drugs520	0	-1	True	72030	541.842	72030	0
697	drugs520	0	-1	False	31360	0.0	31360	0
698	drugs520	0	-1	False	14460	0.0	14460	0
699	My angel arily	1016169	2	False	84250	0.0	84250	0
700	drugs520	0	-1	False	18070	0.0	18070	0
701	drugs520	0	-1	True	50500	976.548	50500	0
702	drugs520	0	-1	False	34340	0.0	34340	0
703	drugs520	0	-1	False	26350	0.0	26350	0
704	drugs520	0	-1	False	59750	0.0	59750	0
705	drugs520	0	-1	True	54870	1131.63	54870	0
706	drugs520	0	-1	False	22160	0.0	22160	0
707	drugs520	0	-1	True	54960	1573.95	54960	0
708	drugs520	0	-1	True	257450	718.57	257450	0
709	drugs520	0	-1	False	22420	123.235	22420	0
710	My angel arily	999720	5	False	183650	0.0	183650	0
711	drugs520	0	-1	False	23120	158.022	23120	0
712	drugs520	0	-1	False	14870	199.649	14870	0
713	drugs520	0	-1	True	18770	411.664	18770	0
714	My angel arily	1292314	0	True	211560	520.105	391	0.001
715	drugs520	0	-1	False	40190	1134.25	40190	0
716	drugs520	0	-1	False	25950	0.0	25950	0
717	drugs520	0	-1	False	27600	489.615	27600	0
718	drugs520	0	-1	False	21700	0.0	21700	0
719	drugs520	0	-1	False	34700	963.924	34700	0
720	drugs520	0	-1	False	34500	1207.32	34500	0
721	My angel arily	0	-1	False	153320	0.0	153320	0
722	drugs520	0	-1	False	21200	0.0	21200	0
723	drugs520	0	-1	True	35100	1245.7	35100	0
724	My angel arily	1690353	2	False	20880	0.0	20880	0
725	My angel arily	1690353	2	False	16450	0.0	16450	0
726	drugs520	0	-1	False	14990	0.0	14990	0
727	drugs520	0	-1	False	23570	0.0	23570	0
728	drugs520	0	-1	False	24370	0.0	24370	0
729	drugs520	0	-1	False	35820	1344.05	35820	0
730	drugs520	0	-1	False	37920	1204.86	37920	0
731	drugs520	0	-1	False	30420	0.0	30420	0
732	My angel arily	0	-1	True	117220	231.576	117220	0
733	drugs520	0	-1	False	30620	0.0	30620	0
734	drugs520	0	-1	False	22120	0.0	22120	0
735	drugs520	0	-1	False	37470	1403.09	37470	0
736	drugs520	0	-1	False	30720	0.0	30720	0
737	drugs520	0	-1	False	29720	0.0	29720	0
738	drugs520	0	-1	False	30420	0.0	30420	0
739	drugs520	0	-1	False	31420	0.0	31420	0
740	drugs520	0	-1	False	26720	0.0	26720	0
741	drugs520	0	-1	False	38320	1431.37	38320	0
742	drugs520	0	-1	False	27120	0.0	27120	0
743	My angel arily	0	-1	False	10080	0.0	10080	0
744	drugs520	0	-1	False	30320	0.0	30320	0
745	drugs520	0	-1	False	29920	0.0	29920	0
746	drugs520	0	-1	False	34070	0.0	34070	0
747	drugs520	0	-1	False	27020	0.0	27020	0
748	drugs520	0	-1	False	26220	0.0	26220	0
749	My angel arily	1690355	2	False	18490	0.0	18490	0
750	drugs520	0	-1	False	39820	1334.72	39820	0
751	drugs520	0	-1	False	34720	0.0	34720	0
752	My angel arily	1690355	2	False	24770	0.0	24770	0
753	drugs520	0	-1	False	31620	0.0	31620	0
754	drugs520	0	-1	False	25820	0.0	25820	0
755	drugs520	0	-1	True	41320	1577.29	41320	0
756	My angel arily	1690355	2	False	29310	0.0	29310	0
757	drugs520	0	-1	False	34100	593.8	34100	0
758	drugs520	0	-1	False	34600	1151.83	34600	0
759	drugs520	0	-1	False	34000	1192.44	34000	0
760	drugs520	0	-1	False	20400	0.0	20400	0
761	drugs520	0	-1	True	34900	1396.72	34900	0
762	drugs520	0	-1	False	34400	1373.28	34400	0
763	drugs520	0	-1	False	20400	0.0	20400	0
764	drugs520	0	-1	False	21200	0.0	21200	0
765	drugs520	0	-1	False	20300	0.0	20300	0
766	drugs520	0	-1	False	20400	0.0	20400	0
767	drugs520	0	-1	False	32500	1285.8	32500	0
768	drugs520	0	-1	False	18700	0.0	18700	0
769	drugs520	0	-1	False	20200	0.0	20200	0
770	drugs520	0	-1	False	20300	0.0	20300	0
771	drugs520	0	-1	False	33500	1325.21	33500	0
772	drugs520	0	-1	False	23200	0.0	23200	0
773	drugs520	0	-1	False	36250	1314.52	36250	0
774	drugs520	0	-1	False	19450	0.0	19450	0
775	drugs520	0	-1	False	36100	1304.91	36100	0
776	drugs520	0	-1	False	36800	1167.62	36800	0
777	drugs520	0	-1	False	29500	0.0	29500	0
778	drugs520	0	-1	False	36500	1079.87	36500	0
779	drugs520	0	-1	False	28400	0.0	28400	0
780	drugs520	0	-1	False	27750	0.0	27750	0
781	drugs520	0	-1	False	22300	0.0	22300	0
782	drugs520	0	-1	False	26700	0.0	26700	0
783	drugs520	0	-1	False	32350	957.428	32350	0
784	drugs520	0	-1	True	37300	1372.56	37300	0
785	drugs520	0	-1	False	27620	357.206	27620	0
786	drugs520	0	-1	False	38000	0.0	38000	0
787	drugs520	0	-1	False	11340	0.0	11340	0
788	Zestiny	754820	0	True	85540	235.417	57	0.001
789	黄旭东	1281115	2	False	37420	0.0	37420	0
790	黄旭东	2089468	0	False	377460	92.2047	377460	0
791	秘制小汉堡	1763013	2	True	118580	58.4707	118580	35.251007080078125
792	秘制小汉堡	0	-1	True	20	0.001	20	0
793	秘制小汉堡	0	-1	False	12370	0.0	12370	0
794	秘制小汉堡	0	-1	True	236960	0.264334	236960	0
795	秘制小汉堡	2044362	2	True	95260	38.8492	95260	23.19344139099121
796	秘制小汉堡	0	-1	False	13360	0.0	13360	0
797	秘制小汉堡	0	-1	True	140940	9.78159	140940	0
798	秘制小汉堡	0	-1	False	11020	0.0	11020	0
799	秘制小汉堡	0	-1	True	201530	287.698	201530	0
800	秘制小汉堡	0	-1	True	67790	9.22997	67790	0
801	秘制小汉堡	0	-1	True	136160	14.3125	136160	0
802	秘制小汉堡	1401254	2	False	92420	130.244	92420	0
803	秘制小汉堡	1401254	2	False	45410	0.0	45410	0
804	秘制小汉堡	1401254	2	True	98630	345.432	98630	312.2824401855469
805	秘制小汉堡	0	-1	False	53590	63.9354	53590	0
806	秘制小汉堡	0	-1	False	54610	54.3102	54610	0
807	秘制小汉堡	0	-1	False	10250	0.0	10250	0
808	秘制小汉堡	0	-1	True	57250	115.629	57250	0
809	秘制小汉堡	0	-1	True	127950	62.1191	127950	0
810	秘制小汉堡	754820	0	False	93920	424.574	93920	0
811	秘制小汉堡	754820	0	True	95070	870.344	214	0.001
812	秘制小汉堡	1134237	5	True	1	0.001	0	0.001
813	我去要饭	1775270	5	False	222	0.001	222	0
814	我去要饭	0	-1	True	695480	173.791	695480	0
815	兔战	0	-1	True	708990	416.661	708990	0
816	兔战	0	-1	False	26570	0.0	26570	0
817	兔战	0	-1	False	26570	0.0	26570	0
818	兔战	0	-1	False	26570	0.0	26570	0
819	兔战	0	-1	False	26570	0.0	26570	0
820	兔战	900957	2	False	100770	0.0	100770	0
821	兔战	900957	2	False	100770	0.0	100770	0
822	兔战	900957	2	False	100770	0.0	100770	0
823	菜橘子MAA	0	-1	True	355880	133.886	355880	0
824	菜橘子MAA	0	-1	False	337180	0.0	337180	0
825	菜橘子MAA	0	-1	False	337180	0.0	337180	0
826	菜橘子MAA	0	-1	False	337180	0.0	337180	0
827	嗨	0	-1	True	410870	26.3958	410870	0
828	嗨	1613687	2	False	210750	13.6968	210750	0
829	嗨	1613687	2	False	218710	37.1913	218710	0
830	嗨	0	-1	False	151740	0.0	151740	0
831	嗨	715043	5	False	22	0.001	22	0
832	嗨	715043	5	False	90350	0.0	90350	0
833	嗨	715043	5	False	144650	0.0	144650	0
834	嗨	715043	5	False	21	0.001	21	0
835	嗨	715043	5	False	82700	0.0	82700	0
836	嗨	715043	5	False	14100	0.0	14100	0
837	嗨	715043	5	False	12	0.001	12	0
838	嗨	715043	5	False	237400	0.0	237400	0
839	嗨	715043	5	False	27	0.001	27	0
840	一起打饭	715043	5	False	10900	0.0	10900	0
841	一起打饭	715043	5	True	7	0.001	22	0.001
842	嗨	715043	5	False	344450	0.0	344450	0
843	嗨	1613687	2	True	221000	68.3189	221000	44.93344497680664
844	嗨	1613687	2	False	212940	0.0	212940	0
845	嗨	1613687	2	False	202580	0.0	202580	0
846	嗨	1613687	2	False	23480	0.0	23480	0
847	嗨	0	-1	False	95990	0.0	95990	0
848	嗨	0	-1	False	183790	0.0	183790	0
849	嗨	1219148	5	True	128	0.001	139	0.001
850	嗨	657519	2	False	164940	0.0	164940	0
851	嗨	0	-1	False	134740	0.0	134740	0
852	嗨	0	-1	True	195780	125.546	195780	0
853	嗨	0	-1	False	196030	102.761	196030	0
854	嗨	0	-1	False	195580	78.6011	195580	0
855	嗨	0	-1	True	334650	34.7258	334650	0
856	嗨	715043	5	False	92100	0.0	92100	0
857	嗨	715043	5	False	44	0.001	44	0
858	嗨	715043	5	False	12900	0.0	12900	0
859	嗨	715043	5	False	29	0.001	29	0
860	嗨	0	-1	False	16670	0.0	16670	0
861	嗨	0	-1	False	16660	0.0	16660	0
862	嗨	0	-1	False	161370	0.0	161370	0
863	嗨	0	-1	False	126350	90.6865	126350	0
864	嗨	0	-1	True	128330	139.65	128330	0
865	嗨	0	-1	False	172860	0.0	172860	0
866	嗨	0	-1	True	300140	37.0258	300140	0
867	嗨	0	-1	False	55310	0.0	55310	0
868	嗨	0	-1	False	163730	0.0	163730	0
869	嗨	0	-1	False	30160	0.0	30160	0
870	嗨	0	-1	True	188	0.001	188	0
871	嗨	0	-1	False	270330	0.0	270330	0
872	嗨	0	-1	False	56100	0.0	56100	0
873	嗨	0	-1	False	118940	0.0	118940	0
874	嗨	0	-1	False	191930	0.0	191930	0
875	嗨	0	-1	False	155890	0.0	155890	0
876	嗨	0	-1	True	222720	103.99	222720	0
877	嗨	715043	5	False	74900	0.0	74900	0
878	嗨	715043	5	False	45	0.001	45	0
879	嗨	0	-1	True	214480	42.6793	214480	0
880	嗨	0	-1	False	61050	0.0	61050	0
881	嗨	658127	2	False	159460	0.0	159460	0
882	嗨	1094998	2	True	180770	110.679	180770	70.20207977294922
883	嗨	0	-1	True	171640	94.7344	171640	0
884	嗨	580941	5	True	58	0.001	84	0.001
885	嗨	0	-1	True	341920	136.114	341920	0
886	嗨	107410	2	True	114480	47.0109	114480	39.443214416503906
887	嗨	0	-1	True	163520	146.21	163520	0
888	嗨	715043	5	False	43	0.001	43	0
889	嗨	715043	5	True	82	0.001	91	0.001
890	嗨	0	-1	False	133420	0.0	133420	0
891	嗨	1613687	2	False	220600	66.1233	220600	0
892	嗨	1515487	5	True	128	0.001	167	0.001
893	嗨	1517355	5	False	70010	0.0	70010	0
894	嗨	0	-1	False	151670	0.0	151670	0
895	嗨	0	-1	False	60750	0.0	60750	0
896	嗨	0	-1	False	60320	0.0	60320	0
897	嗨	0	-1	False	104590	0.0	104590	0
898	嗨	0	-1	False	350690	0.0	350690	0
899	嗨	0	-1	False	151460	0.0	151460	0
900	嗨	0	-1	False	165210	0.0	165210	0
901	嗨	1808605	5	False	245	0.001	245	0
902	嗨	0	-1	True	559230	16.3175	559230	0
903	嗨	1259653	5	False	41150	0.0	41150	0
904	嗨	1653137	2	False	215890	0.0	215890	0
905	秘制小汉堡	0	-1	True	13	0.001	13	0
906	嗨	0	-1	True	239870	207.197	239870	0
907	秘制小汉堡	715043	5	True	65	0.001	79	0.001
908	嗨	1808605	5	False	49020	0.0	49020	0
909	嗨	1808605	5	True	294	0.001	229	0.001
910	秘制小汉堡	0	-1	True	312010	171.585	312010	0
911	秘制小汉堡	0	-1	False	29570	0.0	29570	0
912	秘制小汉堡	0	-1	False	29670	0.0	29670	0
913	秘制小汉堡	0	-1	False	290710	10.1806	290710	0
914	嗨	1808605	5	False	232	0.001	232	0
915	嗨	0	-1	True	318260	21.1258	318260	0
916	嗨	555797	2	False	64190	0.0	64190	0
917	嗨	2113754	2	True	269700	58.8227	269700	41.2076530456543
918	drugs520	0	-1	True	60080	544.543	60080	0
919	drugs520	0	-1	False	13140	0.0	13140	0
920	drugs520	0	-1	False	27340	0.0	27340	0
921	drugs520	0	-1	False	25200	0.0	25200	0
922	drugs520	0	-1	False	11660	0.0	11660	0
923	drugs520	0	-1	False	10860	0.0	10860	0
924	drugs520	0	-1	False	12710	0.0	12710	0
925	drugs520	0	-1	False	50750	336.186	50750	0
926	drugs520	0	-1	False	51230	236.938	51230	0
927	drugs520	0	-1	False	15780	0.0	15780	0
928	drugs520	0	-1	False	23990	0.0	23990	0
929	drugs520	0	-1	False	17090	0.0	17090	0
930	drugs520	0	-1	False	25220	0.0	25220	0
931	drugs520	0	-1	True	51310	406.08	51310	0
932	drugs520	0	-1	False	13800	0.0	13800	0
933	drugs520	0	-1	False	20340	0.0	20340	0
934	drugs520	0	-1	True	110260	479.217	110260	0
935	drugs520	0	-1	False	87730	0.0	87730	0
936	drugs520	1955170	2	False	116430	552.875	116430	0
937	drugs520	1955170	2	False	11700	0.0	11700	0
938	drugs520	1955170	2	True	116560	853.84	116560	888.9744262695312
939	drugs520	1570203	2	False	10060	0.0	10060	0
940	drugs520	1570203	2	False	10850	0.0	10850	0
941	drugs520	1570203	2	True	111450	578.17	111450	577.0460205078125
942	drugs520	2069841	2	False	15040	0.0	15040	0
943	drugs520	2069841	2	False	28520	0.0	28520	0
944	drugs520	2069841	2	False	14540	0.0	14540	0
945	drugs520	2069841	2	False	13790	0.0	13790	0
946	drugs520	2069841	2	False	12540	0.0	12540	0
947	drugs520	2069841	2	True	212040	942.107	212040	886.8130493164062
948	嗨	1578784	5	True	29	0.001	20	0.001
949	嗨	0	-1	True	206550	68.9077	206550	0
950	嗨	0	-1	True	720370	504.391	720370	0
951	嗨	0	-1	False	106540	0.0	106540	0
952	嗨	0	-1	False	20760	0.0	20760	0
953	嗨	1808605	5	False	235	0.001	235	0
954	嗨	1808605	5	False	85990	0.0	85990	0
955	嗨	1808605	5	False	84350	0.0	84350	0
956	嗨	1808605	5	False	161	0.001	161	0
957	Legendre_Modern	1636104	2	False	29080	0.0	29080	0
958	Legendre_Modern	1636104	2	False	29080	0.0	29080	0
959	Legendre_Modern	1636104	2	False	29080	0.0	29080	0
960	Legendre_Modern	1636104	2	False	29080	0.0	29080	0
961	嗨	1808605	5	False	159	0.001	159	0
962	Legendre_Modern	1919312	2	True	419890	785.348	419890	808.455810546875
963	嗨	0	-1	True	77	0.001	77	0
964	Legendre_Modern	1476606	2	True	317440	1200.76	317440	791.2474365234375
965	嗨	1861487	2	False	405230	0.0	405230	0
966	Legendre_Modern	1270000	2	False	148300	0.0	148300	0
967	Legendre_Modern	1270000	2	False	148300	0.0	148300	0
968	Legendre_Modern	1270000	2	False	148300	0.0	148300	0
969	Legendre_Modern	1270000	2	False	148300	0.0	148300	0
970	Legendre_Modern	1872396	2	False	11840	0.0	11840	0
971	Legendre_Modern	1872396	2	False	11840	0.0	11840	0
972	Legendre_Modern	1872396	2	False	11840	0.0	11840	0
973	Legendre_Modern	1872396	2	False	11840	0.0	11840	0
974	Legendre_Modern	927754	5	True	288	0.001	252	0.001
975	嗨	2064236	2	True	121290	88.599	121290	70.60518646240234
976	Legendre_Modern	0	-1	True	129510	782.966	129510	0
977	嗨	0	-1	True	107860	33.9599	107860	0
978	嗨	0	-1	False	14070	0.0	14070	0
979	Legendre_Modern	1028733	2	False	129100	0.0	129100	0
980	Legendre_Modern	1028733	2	False	129100	0.0	129100	0
981	Legendre_Modern	1028733	2	False	129100	0.0	129100	0
982	fellleaf	0	-1	False	45970	0.0	45970	0
983	fellleaf	0	-1	False	73390	0.0	73390	0
984	fellleaf	1127341	5	False	25900	0.0	25900	0
985	fellleaf	1134237	5	False	110510	0.0	110510	0
986	fellleaf	1134237	5	False	10500	0.0	10500	0
987	fellleaf	1134237	5	False	16260	0.0	16260	0
988	fellleaf	0	-1	True	286620	236.873	286620	0
989	fellleaf	0	-1	True	136280	183.413	136280	0
990	fellleaf	0	-1	False	54300	0.0	54300	0
991	fellleaf	0	-1	False	104220	73.208	104220	0
992	fellleaf	0	-1	False	40470	0.0	40470	0
993	fellleaf	0	-1	True	184070	60.1849	184070	0
994	fellleaf	0	-1	False	24010	0.0	24010	0
995	fellleaf	0	-1	False	39770	0.0	39770	0
996	fellleaf	1570203	2	False	59580	0.0	59580	0
997	fellleaf	1570203	2	True	109720	173.105	109720	179.685791015625
998	fellleaf	1570203	2	False	57980	0.0	57980	0
999	fellleaf	1570203	2	False	10470	0.0	10470	0
1000	fellleaf	1570203	2	False	35260	0.0	35260	0
1001	fellleaf	1570203	2	False	19850	0.0	19850	0
1002	fellleaf	1570203	2	False	35460	0.0	35460	0
1003	fellleaf	1570203	2	False	27490	0.0	27490	0
1004	fellleaf	1570203	2	False	10390	0.0	10390	0
1005	fellleaf	1570203	2	False	37640	0.0	37640	0
1006	fellleaf	0	-1	True	308530	234.429	308530	0
1007	fellleaf	0	-1	True	166660	148.116	166660	0
1008	fellleaf	973278	2	False	217440	0.0	217440	0
1009	fellleaf	0	-1	False	75280	0.0	75280	0
1010	fellleaf	1178810	2	False	45910	0.0	45910	0
1011	fellleaf	1219193	2	False	100040	0.0	100040	0
1012	fellleaf	0	-1	False	26310	0.0	26310	0
1013	fellleaf	0	-1	False	35670	0.0	35670	0
1014	fellleaf	244182	2	False	16710	0.0	16710	0
1015	fellleaf	244182	2	True	234930	187.048	234930	205.12001037597656
1016	fellleaf	0	-1	False	62260	0.0	62260	0
1017	fellleaf	0	-1	False	59530	0.0	59530	0
1018	fellleaf	0	-1	False	15610	0.0	15610	0
1019	fellleaf	0	-1	False	59100	0.0	59100	0
1020	fellleaf	0	-1	True	285470	102.074	285470	0
1021	fellleaf	1509460	2	False	72040	0.0	72040	0
1022	fellleaf	0	-1	True	147220	144.036	147220	0
1023	fellleaf	909032	2	False	16440	0.0	16440	0
1024	fellleaf	909032	2	True	103890	173.679	103890	168.88577270507812
1025	fellleaf	0	-1	False	189560	0.0	189560	0
1026	fellleaf	658127	2	False	42470	0.0	42470	0
1027	fellleaf	725718	2	False	36230	0.0	36230	0
1028	fellleaf	0	-1	False	71350	0.0	71350	0
1029	fellleaf	0	-1	True	84650	194.595	84650	0
1030	fellleaf	1026729	2	False	14400	0.0	14400	0
1031	fellleaf	1026729	2	True	117360	116.569	117360	125.001708984375
1032	fellleaf	1053520	2	True	115810	118.283	115810	126.5054931640625
1033	fellleaf	320127	2	False	158840	0.0	158840	0
1034	fellleaf	1981090	5	False	56780	0.0	56780	0
1035	fellleaf	0	-1	False	93720	0.0	93720	0
1036	fellleaf	0	-1	True	18	0.001	18	0
1037	fellleaf	0	-1	False	55650	0.0	55650	0
1038	嗨	2245770	2	True	25310	31.4564	25310	31.26837921142578
1039	嗨	0	-1	False	164770	0.0	164770	0
1040	嗨	0	-1	True	253700	72.4328	253700	0
1041	嗨	1806531	2	True	437490	99.4025	437490	105.35150146484375
1042	嗨	0	-1	True	205950	123.934	205950	0
1043	嗨	0	-1	False	28850	0.0	28850	0
1044	嗨	0	-1	True	399520	132.716	399520	0
1045	嗨	0	-1	True	145590	137.161	145590	0
1046	嗨	0	-1	False	53080	0.0	53080	0
1047	嗨	0	-1	True	222120	136.655	222120	0
1048	嗨	0	-1	True	331840	40.7633	331840	0
1049	fellleaf	0	-1	False	291550	0.0	291550	0
1050	fellleaf	0	-1	True	97710	108.233	97710	0
1051	fellleaf	0	-1	False	141420	0.0	141420	0
1052	fellleaf	1219193	2	False	43750	0.0	43750	0
1053	fellleaf	1219193	2	False	28330	0.0	28330	0
1054	fellleaf	1219193	2	False	23870	0.0	23870	0
1055	fellleaf	1219193	2	True	175240	94.243	175240	69.09127044677734
1056	fellleaf	0	-1	False	45960	0.0	45960	0
1057	fellleaf	0	-1	False	78160	0.0	78160	0
1058	fellleaf	0	-1	False	135340	0.0	135340	0
1059	fellleaf	0	-1	True	230530	60.5929	230530	0
1060	fellleaf	2022718	2	False	35650	0.0	35650	0
1061	嗨	0	-1	False	151110	0.0	151110	0
1062	fellleaf	0	-1	True	126090	163.63	126090	0
1063	fellleaf	0	-1	False	43770	0.0	43770	0
1064	嗨	0	-1	False	27280	0.0	27280	0
1065	fellleaf	86324	3	True	306060	151.919	306060	175.06195068359375
1066	fellleaf	0	-1	False	48470	0.0	48470	0
1067	fellleaf	407788	2	False	27340	0.0	27340	0
1068	fellleaf	0	-1	True	112770	205.27	112770	0
1069	fellleaf	1829925	2	True	115440	179.57	115440	186.79776000976562
1070	fellleaf	1843653	2	False	36720	0.0	36720	0
1071	fellleaf	1849433	2	False	38830	0.0	38830	0
1072	fellleaf	0	-1	False	90170	0.0	90170	0
1073	fellleaf	0	-1	False	60290	0.0	60290	0
1074	fellleaf	0	-1	False	164670	0.0	164670	0
1075	fellleaf	0	-1	False	28870	0.0	28870	0
1076	fellleaf	0	-1	True	299160	261.67	299160	0
1077	fellleaf	0	-1	False	47530	0.0	47530	0
1078	fellleaf	0	-1	False	50610	0.0	50610	0
1079	fellleaf	0	-1	False	63940	0.0	63940	0
1080	fellleaf	0	-1	False	38400	0.0	38400	0
1081	fellleaf	0	-1	False	66320	0.0	66320	0
1082	fellleaf	1127341	5	False	136750	0.0	136750	0
1083	fellleaf	0	-1	True	148740	31.4371	148740	0
1084	嗨	658127	2	False	78370	0.0	78370	0
1085	fellleaf	0	-1	False	36980	0.0	36980	0
1086	fellleaf	0	-1	False	49590	0.0	49590	0
1087	fellleaf	973278	2	False	220730	0.0	220730	0
1088	fellleaf	0	-1	False	138860	0.0	138860	0
1089	fellleaf	2060305	2	True	68360	191.055	68360	211.7794647216797
1090	嗨	0	-1	False	62040	0.0	62040	0
1091	fellleaf	2201460	2	False	95300	0.0	95300	0
1092	嗨	715043	5	False	161150	0.0	161150	0
1093	嗨	0	-1	False	51270	0.0	51270	0
1094	嗨	0	-1	False	51170	0.0	51170	0
1095	嗨	715043	5	False	89000	0.0	89000	0
1096	嗨	715043	5	False	228450	0.0	228450	0
1097	嗨	715043	5	False	97750	0.0	97750	0
1098	嗨	715043	5	False	238000	0.0	238000	0
1099	嗨	715043	5	False	100200	0.0	100200	0
1100	嗨	715043	5	False	246200	0.0	246200	0
1101	嗨	715043	5	False	152650	0.0	152650	0
1102	嗨	946082	2	True	406680	71.4575	406680	108.84435272216797
1103	嗨	0	-1	False	234290	0.0	234290	0
1104	嗨	950170	2	False	20010	0.0	20010	0
1105	嗨	950170	2	False	38550	0.0	38550	0
1106	嗨	0	-1	True	122520	19.0797	122520	0
1107	嗨	0	-1	True	340060	68.5832	340060	0
1108	嗨	148000	2	True	241630	215.38	241630	236.6597900390625
1109	嗨	0	-1	True	124640	21.2214	124640	0
1110	嗨	148000	2	False	142090	0.0	142090	0
1111	嗨	0	-1	False	172250	0.0	172250	0
1112	嗨	0	-1	True	427420	109.122	427420	0
1113	嗨	714001	2	False	54010	0.0	54010	0
1114	嗨	1481747	2	False	19590	0.0	19590	0
1115	嗨	0	-1	False	55590	0.0	55590	0
1117	嗨	0	-1	True	5	0.001	5	0
1119	嗨	0	-1	False	32310	0.0	32310	0
1120	嗨	0	-1	True	113270	103.497	113270	0
1121	嗨	0	-1	True	438160	4.81625	438160	0
1122	嗨	0	-1	True	188	0.001	188	0
1123	嗨	1901200	5	True	193	0.001	188	0.001
1124	嗨	0	-1	True	15	0.001	15	0
1125	嗨	0	-1	False	43290	0.0	43290	0
1126	嗨	764472	0	False	115300	0.0	115300	0
1127	嗨	764472	0	True	21	0.001	45	0.001
1129	嗨	0	-1	False	52210	0.0	52210	0
1131	嗨	1105014	0	False	33720	0.0	33720	0
1132	嗨	1105014	0	False	147880	0.0	147880	0
1133	Duno	0	-1	True	61	0.001	61	0
1134	Duno	0	-1	True	43260	129.565	43260	0
1135	Hynix	0	-1	False	44210	0.0	44210	0
1136	Hynix	0	-1	False	44210	0.0	44210	0
1137	Hynix	0	-1	False	44210	0.0	44210	0
1138	Hynix	0	-1	False	44210	0.0	44210	0
1139	Hynix	0	-1	False	90480	0.0	90480	0
1140	Hynix	0	-1	False	90480	0.0	90480	0
1141	Hynix	0	-1	False	90480	0.0	90480	0
1142	Hynix	0	-1	False	90480	0.0	90480	0
1143	Hynix	0	-1	False	55250	0.0	55250	0
1144	Hynix	0	-1	False	55250	0.0	55250	0
1145	Hynix	0	-1	False	55250	0.0	55250	0
1146	Hynix	0	-1	False	55250	0.0	55250	0
1147	Hynix	0	-1	True	395560	19.3926	395560	0
1148	Yuans	2256387	2	False	175970	0.0	175970	0
1149	rira	69666	2	True	195020	461.892	195020	328.4464416503906
1150	rira	847314	2	True	286960	535.889	286960	345.2418518066406
1151	rira	0	-1	True	188140	380.038	188140	0
1152	CYXC	0	-1	True	20150	9.69499	20150	0
1153	CYXC	0	-1	False	20170	8.6837	20170	0
1154	Megumi	555797	2	False	39740	0.0	39740	0
1155	Megumi	555797	2	False	70760	0.0	70760	0
1156	Megumi	0	-1	False	105370	0.0	105370	0
1157	Megumi	0	-1	False	40260	0.0	40260	0
1158	Megumi	1901200	5	True	683	0.001	618	0.001
1159	Megumi	2097562	0	False	73390	0.0	73390	0
1160	Megumi	2118540	2	False	82640	0.0	82640	0
1161	Megumi	2082013	5	True	140	0.001	97	0.001
1162	Megumi	0	-1	True	379560	125.519	379560	0
1163	Megumi	0	-1	False	407	0.001	407	0
1164	Megumi	0	-1	True	502	0.001	502	0
1165	Megumi	0	-1	True	323	0.001	323	0
1166	Megumi	0	-1	False	10860	0.0	10860	0
1167	Megumi	0	-1	True	240	0.001	240	0
1168	Megumi	0	-1	True	188	0.001	188	0
1169	CYXC	131891	3	False	38220	0.0	38220	0
1170	CYXC	131891	3	False	38220	0.0	38220	0
1171	CYXC	131891	3	False	38220	0.0	38220	0
1172	CYXC	131891	3	False	38220	0.0	38220	0
1173	SumSteve	0	-1	False	15140	0.0	15140	0
1174	SumSteve	0	-1	False	15140	0.0	15140	0
1175	SumSteve	0	-1	False	15140	0.0	15140	0
1176	SumSteve	0	-1	False	15140	0.0	15140	0
1177	SumSteve	0	-1	True	64520	158.116	64520	0
1178	WinnieThePooh	0	-1	False	186770	0.0	186770	0
1179	WinnieThePooh	0	-1	False	186770	0.0	186770	0
1180	WinnieThePooh	0	-1	False	186770	0.0	186770	0
1181	WinnieThePooh	0	-1	False	186770	0.0	186770	0
1182	WinnieThePooh	0	-1	True	1672	0.001	1672	0
1183	WinnieThePooh	2089468	0	True	937	0.001	442	0.001
1184	WinnieThePooh	0	-1	True	167	0.001	167	0
1185	WinnieThePooh	0	-1	True	1435	0.001	1435	0
1186	WinnieThePooh	0	-1	False	24030	0.0	24030	0
1187	WinnieThePooh	0	-1	False	24030	0.0	24030	0
1188	WinnieThePooh	0	-1	False	24030	0.0	24030	0
1189	WinnieThePooh	0	-1	False	24030	0.0	24030	0
1190	WinnieThePooh	0	-1	False	35830	0.0	35830	0
1191	WinnieThePooh	0	-1	False	35830	0.0	35830	0
1192	WinnieThePooh	0	-1	False	35830	0.0	35830	0
1193	WinnieThePooh	0	-1	False	35830	0.0	35830	0
1194	WinnieThePooh	0	-1	False	57380	0.0	57380	0
1195	WinnieThePooh	0	-1	False	57380	0.0	57380	0
1196	WinnieThePooh	0	-1	False	57380	0.0	57380	0
1197	WinnieThePooh	0	-1	False	57380	0.0	57380	0
1198	WinnieThePooh	207692	0	True	1097	0.001	555	0.001
1199	WinnieThePooh	0	-1	False	22020	0.0	22020	0
1200	WinnieThePooh	0	-1	False	22020	0.0	22020	0
1201	WinnieThePooh	0	-1	False	22020	0.0	22020	0
1202	WinnieThePooh	0	-1	False	22020	0.0	22020	0
1203	WinnieThePooh	0	-1	False	207900	0.0	207900	0
1204	WinnieThePooh	0	-1	False	207900	0.0	207900	0
1205	WinnieThePooh	0	-1	False	207900	0.0	207900	0
1206	WinnieThePooh	0	-1	False	207900	0.0	207900	0
1207	WinnieThePooh	0	-1	False	17560	0.0	17560	0
1208	WinnieThePooh	0	-1	False	17560	0.0	17560	0
1209	WinnieThePooh	0	-1	False	17560	0.0	17560	0
1210	WinnieThePooh	0	-1	False	17560	0.0	17560	0
1211	WinnieThePooh	0	-1	False	31770	0.0	31770	0
1212	WinnieThePooh	0	-1	False	31770	0.0	31770	0
1213	WinnieThePooh	0	-1	False	31770	0.0	31770	0
1214	WinnieThePooh	0	-1	False	31770	0.0	31770	0
1215	WinnieThePooh	0	-1	False	38900	0.0	38900	0
1216	WinnieThePooh	0	-1	False	38900	0.0	38900	0
1217	WinnieThePooh	0	-1	False	38900	0.0	38900	0
1218	WinnieThePooh	0	-1	False	38900	0.0	38900	0
1219	WinnieThePooh	107875	2	False	68970	0.0	68970	0
1220	WinnieThePooh	107875	2	False	68970	0.0	68970	0
1221	WinnieThePooh	107875	2	False	68970	0.0	68970	0
1222	WinnieThePooh	107875	2	False	68970	0.0	68970	0
1223	WinnieThePooh	0	-1	False	27060	0.0	27060	0
1224	WinnieThePooh	0	-1	False	27060	0.0	27060	0
1225	WinnieThePooh	0	-1	False	27060	0.0	27060	0
1226	WinnieThePooh	0	-1	False	27060	0.0	27060	0
1227	WinnieThePooh	0	-1	False	54950	0.0	54950	0
1228	WinnieThePooh	0	-1	False	54950	0.0	54950	0
1229	WinnieThePooh	0	-1	False	54950	0.0	54950	0
1230	WinnieThePooh	0	-1	False	54950	0.0	54950	0
1231	WinnieThePooh	75831	2	False	194150	0.0	194150	0
1232	WinnieThePooh	75831	2	False	194150	0.0	194150	0
1233	WinnieThePooh	75831	2	False	194150	0.0	194150	0
1234	WinnieThePooh	75831	2	False	194150	0.0	194150	0
1235	WinnieThePooh	341891	2	False	33930	0.0	33930	0
1236	WinnieThePooh	341891	2	False	33930	0.0	33930	0
1237	WinnieThePooh	341891	2	False	33930	0.0	33930	0
1238	WinnieThePooh	341891	2	False	33930	0.0	33930	0
1239	WinnieThePooh	1181761	2	False	185870	0.0	185870	0
1240	WinnieThePooh	1181761	2	False	185870	0.0	185870	0
1241	WinnieThePooh	1181761	2	False	185870	0.0	185870	0
1242	WinnieThePooh	1181761	2	False	185870	0.0	185870	0
1243	WinnieThePooh	0	-1	False	616	0.001	616	0
1244	WinnieThePooh	0	-1	True	702	0.001	702	0
1245	WinnieThePooh	900957	2	False	80200	0.0	80200	0
1246	WinnieThePooh	900957	2	False	80200	0.0	80200	0
1247	WinnieThePooh	900957	2	False	80200	0.0	80200	0
1248	WinnieThePooh	900957	2	False	80200	0.0	80200	0
1249	WinnieThePooh	0	-1	False	67970	0.0	67970	0
1250	WinnieThePooh	0	-1	False	67970	0.0	67970	0
1251	WinnieThePooh	0	-1	False	67970	0.0	67970	0
1252	WinnieThePooh	0	-1	False	67970	0.0	67970	0
1253	WinnieThePooh	0	-1	False	96600	0.0	96600	0
1254	WinnieThePooh	0	-1	False	96600	0.0	96600	0
1255	WinnieThePooh	0	-1	False	96600	0.0	96600	0
1256	WinnieThePooh	0	-1	False	96600	0.0	96600	0
1257	WinnieThePooh	0	-1	False	3187	0.001	3187	0
1258	WinnieThePooh	0	-1	False	52900	0.0	52900	0
1259	WinnieThePooh	0	-1	False	52900	0.0	52900	0
1260	WinnieThePooh	0	-1	False	52900	0.0	52900	0
1261	WinnieThePooh	0	-1	False	52900	0.0	52900	0
1262	WinnieThePooh	0	-1	True	3714	0.001	3714	0
1263	WinnieThePooh	0	-1	True	1177	0.001	1177	0
1264	WinnieThePooh	0	-1	False	43670	0.0	43670	0
1265	WinnieThePooh	0	-1	False	43670	0.0	43670	0
1266	WinnieThePooh	0	-1	False	43670	0.0	43670	0
1267	WinnieThePooh	0	-1	False	43670	0.0	43670	0
1268	WinnieThePooh	0	-1	False	87530	0.0	87530	0
1269	WinnieThePooh	0	-1	False	87530	0.0	87530	0
1270	WinnieThePooh	0	-1	False	87530	0.0	87530	0
1271	WinnieThePooh	0	-1	False	87530	0.0	87530	0
1272	WinnieThePooh	0	-1	False	94750	0.0	94750	0
1273	WinnieThePooh	0	-1	False	94750	0.0	94750	0
1274	WinnieThePooh	0	-1	False	94750	0.0	94750	0
1275	WinnieThePooh	0	-1	False	94750	0.0	94750	0
1276	WinnieThePooh	2078295	0	False	144090	0.0	144090	0
1277	WinnieThePooh	2078295	0	False	144090	0.0	144090	0
1278	WinnieThePooh	2078295	0	False	144090	0.0	144090	0
1279	WinnieThePooh	2078295	0	False	144090	0.0	144090	0
1280	WinnieThePooh	754820	0	False	41800	0.0	41800	0
1281	WinnieThePooh	754820	0	False	41800	0.0	41800	0
1282	WinnieThePooh	754820	0	False	41800	0.0	41800	0
1283	WinnieThePooh	754820	0	False	41800	0.0	41800	0
1284	WinnieThePooh	754816	0	False	39900	0.0	39900	0
1285	WinnieThePooh	754816	0	False	39900	0.0	39900	0
1286	WinnieThePooh	754816	0	False	39900	0.0	39900	0
1287	WinnieThePooh	754816	0	False	39900	0.0	39900	0
1288	全服最菜	0	-1	True	327	0.001	327	0
1289	fellleaf	0	-1	True	129120	77.6928	129120	0
1290	fellleaf	0	-1	True	93560	228.476	93560	0
1291	fellleaf	0	-1	True	174830	192.494	174830	0
1292	fellleaf	0	-1	True	118180	122.046	118180	0
1293	fellleaf	0	-1	True	38060	181.463	38060	0
1294	fellleaf	0	-1	False	18870	0.0	18870	0
1295	fellleaf	0	-1	False	29990	0.0	29990	0
1296	fellleaf	1764213	2	False	12460	0.0	12460	0
1297	fellleaf	1764213	2	True	43750	202.289	43750	212.00784301757812
1298	fellleaf	736215	2	False	34400	0.0	34400	0
1299	fellleaf	736215	2	False	157230	0.0	157230	0
1300	fellleaf	736214	2	False	23440	0.0	23440	0
1301	fellleaf	736214	2	False	12300	0.0	12300	0
1302	fellleaf	736214	2	True	276430	116.125	276430	139.51141357421875
1303	fellleaf	0	-1	True	110890	258.299	110890	0
1304	fellleaf	0	-1	False	16670	0.0	16670	0
1305	fellleaf	0	-1	False	110760	214.734	110760	0
1306	fellleaf	0	-1	False	94560	0.0	94560	0
1307	fellleaf	0	-1	False	60660	0.0	60660	0
1308	fellleaf	0	-1	False	12340	0.0	12340	0
1309	fellleaf	0	-1	True	110640	138.554	110640	0
1310	fellleaf	0	-1	False	29660	0.0	29660	0
1311	fellleaf	0	-1	False	21280	0.0	21280	0
1312	fellleaf	0	-1	False	44500	0.0	44500	0
1313	fellleaf	0	-1	False	84480	0.0	84480	0
1315	fellleaf	0	-1	False	39250	0.0	39250	0
1316	fellleaf	1385398	2	False	54580	0.0	54580	0
1317	fellleaf	1385398	2	True	114570	249.439	114570	233.48414611816406
1318	fellleaf	1385398	2	False	46570	0.0	46570	0
1319	fellleaf	0	-1	False	67960	0.0	67960	0
1320	fellleaf	0	-1	False	119630	0.0	119630	0
1321	fellleaf	0	-1	True	42	0.001	42	0
1322	嗨	0	-1	False	10310	0.0	10310	0
1323	fellleaf	2044362	2	True	115460	79.2276	115460	83.08641052246094
1324	fellleaf	1869933	2	True	82530	113.617	82530	112.01105499267578
1325	fellleaf	0	-1	False	148130	20.6607	148130	0
1326	fellleaf	0	-1	True	10	0.001	10	0
1327	fellleaf	0	-1	False	129200	0.0	129200	0
1328	fellleaf	973278	2	True	320080	111.722	320080	131.53631591796875
1329	fellleaf	0	-1	False	101790	0.0	101790	0
1330	fellleaf	0	-1	True	229510	1.58802	229510	0
1331	fellleaf	0	-1	True	124760	201.269	124760	0
1332	fellleaf	0	-1	False	82260	0.0	82260	0
1333	fellleaf	0	-1	True	126710	88.8854	126710	0
1334	fellleaf	341891	2	True	214350	243.382	214350	237.7201385498047
1335	fellleaf	2025942	2	True	65910	158.35	65910	173.0572509765625
1336	fellleaf	812721	2	False	10330	0.0	10330	0
1337	fellleaf	1400414	2	True	134590	217.55	134590	238.76138305664062
1338	fellleaf	1509460	2	True	96820	158.01	96820	139.3366241455078
1339	fellleaf	0	-1	True	187390	38.2809	187390	0
1340	fellleaf	0	-1	False	55990	0.0	55990	0
1341	fellleaf	0	-1	False	23630	0.0	23630	0
1342	黄旭东	676445	2	False	21410	0.0	21410	0
1343	黄旭东	958098	5	False	48620	0.0	48620	0
1344	黄旭东	0	-1	False	373740	0.0	373740	0
1345	黄旭东	0	-1	True	138	0.001	138	0
1346	黄旭东	0	-1	True	100380	111.508	100380	0
1347	黄旭东	0	-1	True	179900	74.2818	179900	0
1348	黄旭东	0	-1	True	101380	60.9461	101380	0
1349	黄旭东	0	-1	True	78260	29.3793	78260	0
1350	黄旭东	0	-1	True	34	0.001	34	0
1351	黄旭东	1086000	0	True	72	0.001	56	0.001
1352	黄旭东	0	-1	True	147	0.001	147	0
1353	fellleaf	0	-1	False	13620	0.0	13620	0
1354	fellleaf	0	-1	False	158210	0.0	158210	0
1355	fellleaf	0	-1	False	79380	0.0	79380	0
1356	fellleaf	0	-1	False	235670	16.6731	235670	0
1357	fellleaf	0	-1	True	247570	59.6814	247570	0
1358	fellleaf	0	-1	False	15660	0.0	15660	0
1359	fellleaf	0	-1	False	144870	0.0	144870	0
1360	fellleaf	0	-1	False	12900	0.0	12900	0
1361	fellleaf	0	-1	False	29370	0.0	29370	0
1362	fellleaf	0	-1	False	125240	0.0	125240	0
1363	黄旭东	0	-1	False	64180	0.0	64180	0
1364	黄旭东	0	-1	False	40210	0.0	40210	0
1365	黄旭东	0	-1	False	72720	0.0	72720	0
1366	黄旭东	0	-1	False	47230	0.0	47230	0
1367	黄旭东	0	-1	False	45990	0.0	45990	0
1368	路过的差异粉丝	1860169	2	False	30270	0.0	30270	0
1369	路过的差异粉丝	1860169	2	False	30270	0.0	30270	0
1370	路过的差异粉丝	1860169	2	False	30270	0.0	30270	0
1371	路过的差异粉丝	1860169	2	False	30270	0.0	30270	0
1372	路过的差异粉丝	1860169	2	False	115720	0.0	115720	0
1373	路过的差异粉丝	1860169	2	False	115720	0.0	115720	0
1374	路过的差异粉丝	1860169	2	False	115720	0.0	115720	0
1375	路过的差异粉丝	1860169	2	False	115720	0.0	115720	0
1376	路过的差异粉丝	1860169	2	False	28940	0.0	28940	0
1377	路过的差异粉丝	1860169	2	False	28940	0.0	28940	0
1378	路过的差异粉丝	1860169	2	False	28940	0.0	28940	0
1379	路过的差异粉丝	1860169	2	False	28940	0.0	28940	0
1380	路过的差异粉丝	1860169	2	True	892650	338.726	892650	316.3220520019531
1381	路过的差异粉丝	1957429	5	False	47570	0.0	47570	0
1382	路过的差异粉丝	1957429	5	False	47570	0.0	47570	0
1383	路过的差异粉丝	1957429	5	False	47570	0.0	47570	0
1384	路过的差异粉丝	1957429	5	False	47570	0.0	47570	0
1385	路过的差异粉丝	869222	2	True	678310	94.1418	678310	137.51878356933594
1386	路过的差异粉丝	0	-1	True	39	0.001	39	0
1387	路过的差异粉丝	0	-1	False	29490	0.0	29490	0
1388	路过的差异粉丝	0	-1	False	29490	0.0	29490	0
1389	路过的差异粉丝	0	-1	False	29490	0.0	29490	0
1390	路过的差异粉丝	0	-1	False	29490	0.0	29490	0
1391	路过的差异粉丝	1805627	2	True	133140	111.444	133140	123.46060180664062
1392	路过的差异粉丝	2201460	2	False	36480	0.0	36480	0
1393	路过的差异粉丝	2201460	2	False	36480	0.0	36480	0
1394	路过的差异粉丝	2201460	2	False	36480	0.0	36480	0
1395	路过的差异粉丝	2201460	2	False	36480	0.0	36480	0
1396	路过的差异粉丝	910147	2	True	77950	78.2812	77950	74.29007720947266
1397	路过的差异粉丝	0	-1	False	120150	0.0	120150	0
1398	路过的差异粉丝	0	-1	False	120150	0.0	120150	0
1399	路过的差异粉丝	0	-1	False	120150	0.0	120150	0
1400	路过的差异粉丝	0	-1	False	120150	0.0	120150	0
1401	路过的差异粉丝	1351114	2	True	486160	129.642	486160	133.80221557617188
1402	N e k o T u z a	0	-1	True	183030	62.455	183030	0
1403	N e k o T u z a	0	-1	True	231510	10.4394	231510	0
1404	N e k o T u z a	0	-1	False	12720	0.0	12720	0
1405	N e k o T u z a	0	-1	False	12720	0.0	12720	0
1406	N e k o T u z a	0	-1	False	12720	0.0	12720	0
1407	N e k o T u z a	0	-1	False	12720	0.0	12720	0
1408	N e k o T u z a	0	-1	True	88080	64.1912	88080	0
1409	全服最菜	0	-1	False	31160	0.0	31160	0
1410	全服最菜	0	-1	False	31160	0.0	31160	0
1411	全服最菜	0	-1	False	31160	0.0	31160	0
1412	全服最菜	0	-1	False	31160	0.0	31160	0
1414	Ruby_	0	-1	False	38030	0.0	38030	0
1415	Ruby_	0	-1	False	38030	0.0	38030	0
1416	Ruby_	0	-1	False	38030	0.0	38030	0
1417	Ruby_	0	-1	False	38030	0.0	38030	0
1418	Ruby_	1474012	2	True	357790	4.68304	357790	6.394443035125732
1419	Ruby_	0	-1	False	35340	0.0	35340	0
1420	Ruby_	0	-1	False	35340	0.0	35340	0
1421	Ruby_	0	-1	False	35340	0.0	35340	0
1422	Ruby_	0	-1	False	35340	0.0	35340	0
1423	全服最菜	0	-1	False	59	0.001	59	0
1424	全服最菜	1906417	0	True	51	0.001	20	0.001
1425	全服最菜	0	-1	False	15900	0.0	15900	0
1426	全服最菜	0	-1	False	15900	0.0	15900	0
1427	全服最菜	0	-1	False	15900	0.0	15900	0
1428	全服最菜	0	-1	False	15900	0.0	15900	0
1429	全服最菜	0	-1	True	70	0.001	70	0
1431	Ruby_	0	-1	False	13300	0.0	13300	0
1432	Ruby_	0	-1	False	13300	0.0	13300	0
1433	Ruby_	0	-1	False	13300	0.0	13300	0
1434	Ruby_	0	-1	False	13300	0.0	13300	0
1435	Ruby_	816327	2	True	473670	4.53199	473670	11.585960388183594
1436	全服最菜	1809151	5	False	22980	0.0	22980	0
1437	全服最菜	1809151	5	False	22980	0.0	22980	0
1438	全服最菜	1809151	5	False	22980	0.0	22980	0
1439	全服最菜	1809151	5	False	22980	0.0	22980	0
1440	嗨	2245780	2	True	35000	96.1013	35000	56.14065170288086
1441	全服最菜	1559974	2	False	28920	0.0	28920	0
1443	CubeOrange	2098533	2	True	63170	18.2346	63170	19.462366104125977
1444	CubeOrange	2134422	2	True	103930	25.4771	103930	23.58035659790039
1445	CubeOrange	2063622	2	False	71160	0.0	71160	0
1446	CubeOrange	2098534	2	False	22960	0.0	22960	0
1447	CubeOrange	2098534	2	True	86910	110.834	86910	124.34111785888672
1448	CubeOrange	2098534	2	False	21090	0.0	21090	0
1449	澳门皇家赌场上线了，美女荷官在线发牌，百万现金等你来拿	2267564	0	False	5	0.001	5	0
1450	CubeOrange	0	-1	False	17440	0.0	17440	0
1451	CubeOrange	0	-1	False	11920	0.0	11920	0
1452	CubeOrange	0	-1	False	17340	0.0	17340	0
1453	CubeOrange	0	-1	True	153070	72.3417	153070	0
1454	澳门皇家赌场上线了，美女荷官在线发牌，百万现金等你来拿	2267564	0	False	24	0.001	24	0
1455	澳门皇家赌场上线了，美女荷官在线发牌，百万现金等你来拿	2267564	0	False	28060	0.0	28060	0
1456	CubeOrange	816327	2	False	35200	0.0	35200	0
1457	澳门皇家赌场上线了，美女荷官在线发牌，百万现金等你来拿	2267564	0	False	19960	0.0	19960	0
1458	澳门皇家赌场上线了，美女荷官在线发牌，百万现金等你来拿	2267564	0	False	12070	0.0	12070	0
1459	澳门皇家赌场上线了，美女荷官在线发牌，百万现金等你来拿	2267564	0	False	30860	0.0	30860	0
1460	CubeOrange	257973	2	False	16030	0.0	16030	0
1461	CubeOrange	257973	2	False	13430	0.0	13430	0
1462	CubeOrange	257973	2	False	34890	0.0	34890	0
1463	CubeOrange	2039432	2	False	20610	0.0	20610	0
1464	澳门皇家赌场上线了，美女荷官在线发牌，百万现金等你来拿	2267564	0	False	34	0.001	34	0
1465	CubeOrange	2039432	2	True	101490	37.4873	101490	47.6467170715332
1466	CubeOrange	2039431	2	False	21510	0.0	21510	0
1467	澳门皇家赌场上线了，美女荷官在线发牌，百万现金等你来拿	2069841	2	False	15980	0.0	15980	0
1468	澳门皇家赌场上线了，美女荷官在线发牌，百万现金等你来拿	2069841	2	False	31580	0.0	31580	0
1469	CubeOrange	2039431	2	True	116580	48.2151	116580	33.07115173339844
1470	澳门皇家赌场上线了，美女荷官在线发牌，百万现金等你来拿	2069841	2	False	32670	0.0	32670	0
1471	CubeOrange	2284961	2	False	25100	0.0	25100	0
1472	CubeOrange	2284963	2	False	10240	0.0	10240	0
1473	澳门皇家赌场上线了，美女荷官在线发牌，百万现金等你来拿	1754266	2	False	191970	0.0	191970	0
1474	CubeOrange	2284963	2	True	69330	52.1268	69330	67.73835754394531
1475	澳门皇家赌场上线了，美女荷官在线发牌，百万现金等你来拿	1031991	2	False	93080	0.0	93080	0
1476	澳门皇家赌场上线了，美女荷官在线发牌，百万现金等你来拿	0	-1	False	128970	0.0	128970	0
1477	澳门皇家赌场上线了，美女荷官在线发牌，百万现金等你来拿	1618584	0	False	73780	0.0	73780	0
1478	CubeOrange	760034	2	False	170560	0.0	170560	0
1480	澳门皇家赌场上线了，美女荷官在线发牌，百万现金等你来拿	1292635	0	True	569	0.001	341	0.001
1481	澳门皇家赌场上线了，美女荷官在线发牌，百万现金等你来拿	1919312	2	False	40350	0.0	40350	0
1482	澳门皇家赌场上线了，美女荷官在线发牌，百万现金等你来拿	1754266	2	True	459870	59.4104	459870	87.66437530517578
1483	澳门皇家赌场上线了，美女荷官在线发牌，百万现金等你来拿	1007185	5	True	448	0.001	201	0.001
1484	澳门皇家赌场上线了，美女荷官在线发牌，百万现金等你来拿	1007185	5	False	80380	0.0	80380	0
1485	澳门皇家赌场上线了，美女荷官在线发牌，百万现金等你来拿	1007185	5	False	432	0.001	432	0
1486	澳门皇家赌场上线了，美女荷官在线发牌，百万现金等你来拿	714001	2	False	56130	0.0	56130	0
1487	澳门皇家赌场上线了，美女荷官在线发牌，百万现金等你来拿	714001	2	False	12890	0.0	12890	0
1488	CubeOrange	2283347	2	False	17740	0.0	17740	0
1489	澳门皇家赌场上线了，美女荷官在线发牌，百万现金等你来拿	1414762	2	False	417980	0.0	417980	0
1490	CubeOrange	2283347	2	False	14620	0.0	14620	0
1491	CubeOrange	2283347	2	False	24310	0.0	24310	0
1492	澳门皇家赌场上线了，美女荷官在线发牌，百万现金等你来拿	1461579	0	False	48660	0.0	48660	0
1493	CubeOrange	2283347	2	False	16700	0.0	16700	0
1494	澳门皇家赌场上线了，美女荷官在线发牌，百万现金等你来拿	1461579	0	False	67260	0.0	67260	0
1495	CubeOrange	2283347	2	False	26820	0.0	26820	0
1496	澳门皇家赌场上线了，美女荷官在线发牌，百万现金等你来拿	1292635	0	False	10300	0.0	10300	0
1497	澳门皇家赌场上线了，美女荷官在线发牌，百万现金等你来拿	1292635	0	False	12100	0.0	12100	0
1498	澳门皇家赌场上线了，美女荷官在线发牌，百万现金等你来拿	1292635	0	False	16700	0.0	16700	0
1499	澳门皇家赌场上线了，美女荷官在线发牌，百万现金等你来拿	1292635	0	False	19950	0.0	19950	0
1500	澳门皇家赌场上线了，美女荷官在线发牌，百万现金等你来拿	1095854	5	False	42240	0.0	42240	0
1501	澳门皇家赌场上线了，美女荷官在线发牌，百万现金等你来拿	1095854	5	False	85560	0.0	85560	0
1502	澳门皇家赌场上线了，美女荷官在线发牌，百万现金等你来拿	2078680	5	False	29990	0.0	29990	0
1503	澳门皇家赌场上线了，美女荷官在线发牌，百万现金等你来拿	2078680	5	False	121650	0.0	121650	0
1504	澳门皇家赌场上线了，美女荷官在线发牌，百万现金等你来拿	1219148	5	False	89000	0.0	89000	0
1505	澳门皇家赌场上线了，美女荷官在线发牌，百万现金等你来拿	1219148	5	False	33800	0.0	33800	0
1506	CubeOrange	2283347	2	False	16070	0.0	16070	0
1507	CubeOrange	2283347	2	False	23080	0.0	23080	0
1508	CubeOrange	2283347	2	False	21080	0.0	21080	0
1509	澳门皇家赌场上线了，美女荷官在线发牌，百万现金等你来拿	1219148	5	False	188180	0.0	188180	0
1510	澳门皇家赌场上线了，美女荷官在线发牌，百万现金等你来拿	1219148	5	False	339	0.001	339	0
1511	CubeOrange	2098548	2	False	10930	0.0	10930	0
1512	CubeOrange	2098534	2	False	26060	0.0	26060	0
1513	澳门皇家赌场上线了，美女荷官在线发牌，百万现金等你来拿	1219148	5	True	487	0.001	186	0.001
1514	CubeOrange	2098534	2	False	66080	0.0	66080	0
1515	CubeOrange	2098534	2	False	11520	0.0	11520	0
1516	CubeOrange	2098534	2	False	11160	0.0	11160	0
1517	CubeOrange	2283345	2	False	23630	0.0	23630	0
1518	澳门皇家赌场上线了，美女荷官在线发牌，百万现金等你来拿	1706410	2	False	18970	0.0	18970	0
1519	澳门皇家赌场上线了，美女荷官在线发牌，百万现金等你来拿	1706410	2	False	34590	0.0	34590	0
1520	CubeOrange	2283345	2	True	84670	38.2122	84670	33.50412368774414
1521	澳门皇家赌场上线了，美女荷官在线发牌，百万现金等你来拿	324516	2	False	63640	0.0	63640	0
1522	CubeOrange	2063419	2	False	13380	0.0	13380	0
1523	CubeOrange	2063419	2	False	11340	0.0	11340	0
1524	澳门皇家赌场上线了，美女荷官在线发牌，百万现金等你来拿	1142669	0	True	217	0.001	210	0.001
1525	CubeOrange	2063419	2	False	24820	0.0	24820	0
1526	CubeOrange	2063419	2	False	11670	0.0	11670	0
1527	澳门皇家赌场上线了，美女荷官在线发牌，百万现金等你来拿	1227359	2	False	217660	125.185	217660	0
1528	CubeOrange	2063419	2	True	178130	41.6006	178130	45.35575485229492
1529	澳门皇家赌场上线了，美女荷官在线发牌，百万现金等你来拿	0	-1	True	197950	166.678	197950	0
1530	CubeOrange	2098548	2	False	24740	0.0	24740	0
1531	CubeOrange	736215	2	False	21130	0.0	21130	0
1532	澳门皇家赌场上线了，美女荷官在线发牌，百万现金等你来拿	611931	5	False	75310	0.0	75310	0
1533	澳门皇家赌场上线了，美女荷官在线发牌，百万现金等你来拿	462736	5	False	123050	0.0	123050	0
1534	CubeOrange	2296609	2	False	88860	0.0	88860	0
1535	澳门皇家赌场上线了，美女荷官在线发牌，百万现金等你来拿	657917	2	False	145730	0.0	145730	0
1536	澳门皇家赌场上线了，美女荷官在线发牌，百万现金等你来拿	1821239	5	False	16680	0.0	16680	0
1537	澳门皇家赌场上线了，美女荷官在线发牌，百万现金等你来拿	1821239	5	True	75	0.001	67	0.001
1538	[ller]	1031991	2	False	32260	0.0	32260	0
1539	[ller]	1031991	2	False	257890	0.0	257890	0
1540	[ller]	1031991	2	False	41650	0.0	41650	0
1541	[ller]	1031991	2	False	138900	0.0	138900	0
1542	[ller]	1031991	2	False	26630	0.0	26630	0
1543	[ller]	1816113	2	False	36110	0.0	36110	0
1544	[ller]	1816113	2	False	60230	0.0	60230	0
1545	[ller]	1537817	2	False	98320	0.0	98320	0
1546	[ller]	1537817	2	True	413520	577.685	413520	563.6275024414062
1547	[ller]	2024425	2	False	21990	0.0	21990	0
1548	[ller]	2024425	2	False	40680	0.0	40680	0
1549	[ller]	2024425	2	False	19460	0.0	19460	0
1550	[ller]	2024425	2	False	120650	0.0	120650	0
1551	[ller]	2075222	2	False	163220	0.0	163220	0
1552	[ller]	118226	3	False	60510	0.0	60510	0
1553	[ller]	86324	3	False	11000	0.0	11000	0
1554	[ller]	86324	3	True	313010	259.838	313010	249.2059326171875
1555	[ller]	148000	2	True	239590	417.73	239590	347.82696533203125
1556	[ller]	306018	2	False	45190	0.0	45190	0
1557	[ller]	306018	2	False	124280	0.0	124280	0
1558	黄旭东	525278	5	True	53	0.001	44	0.001
1559	嗨	525278	5	True	21	0.001	14	0.001
1560	[ller]	2118443	2	True	110230	535.321	110230	523.29296875
1561	[ller]	1951733	2	False	10710	0.0	10710	0
1562	澳门皇家赌场上线了，美女荷官在线发牌，百万现金等你来拿	2040232	0	False	17330	0.0	17330	0
1563	[ller]	1951733	2	True	99920	555.718	99920	580.0843505859375
1564	澳门皇家赌场上线了，美女荷官在线发牌，百万现金等你来拿	129891	3	False	104510	0.0	104510	0
1565	[ller]	2078961	2	True	131620	599.547	131620	568.19677734375
1566	澳门皇家赌场上线了，美女荷官在线发牌，百万现金等你来拿	316018	2	True	279440	92.1376	279440	122.60989379882812
1567	黄旭东	316018	2	True	277620	94.4767	277620	114.17198181152344
1568	嗨	316018	2	True	267160	29.3256	267160	38.381954193115234
1569	[ller]	2164669	0	True	254	0.001	291	0.001
1570	澳门皇家赌场上线了，美女荷官在线发牌，百万现金等你来拿	1636879	0	True	15	0.001	9	0.001
1572	嗨	1636879	0	True	2	0.001	0	0.001
1573	[ller]	1918978	0	True	542	0.001	541	0.001
1574	澳门皇家赌场上线了，美女荷官在线发牌，百万现金等你来拿	1606115	0	True	7	0.001	5	0.001
1575	黄旭东	1606115	0	True	5	0.001	3	0.001
1577	[ller]	2188031	2	False	11940	0.0	11940	0
1578	[ller]	2188031	2	False	87750	0.0	87750	0
1579	[ller]	1869933	2	False	54620	0.0	54620	0
1580	[ller]	2131813	2	False	46160	0.0	46160	0
1581	[ller]	954692	2	False	15830	0.0	15830	0
1582	[ller]	954692	2	True	129250	336.387	129250	299.5832214355469
1585	黄旭东	2222380	0	False	31080	0.0	31080	0
1586	[ller]	131564	3	True	237590	29.369	237590	17.980712890625
1587	澳门皇家赌场上线了，美女荷官在线发牌，百万现金等你来拿	1031991	2	False	210650	0.0	210650	0
1588	黄旭东	2222386	0	False	30860	0.0	30860	0
1589	澳门皇家赌场上线了，美女荷官在线发牌，百万现金等你来拿	129891	3	False	17520	0.0	17520	0
1590	黄旭东	2222387	0	False	150530	0.0	150530	0
1591	[ller]	1892257	2	False	44490	0.0	44490	0
1592	[ller]	1892257	2	False	28830	0.0	28830	0
1593	澳门皇家赌场上线了，美女荷官在线发牌，百万现金等你来拿	129891	3	False	606890	109.044	606890	0
1594	[ller]	1867520	2	False	98000	0.0	98000	0
1595	澳门皇家赌场上线了，美女荷官在线发牌，百万现金等你来拿	129891	3	False	17520	0.0	17520	0
1596	[ller]	1867520	2	False	169970	0.0	169970	0
1597	[ller]	1955170	2	False	59310	0.0	59310	0
1598	澳门皇家赌场上线了，美女荷官在线发牌，百万现金等你来拿	129891	3	False	600570	114.578	600570	0
1599	澳门皇家赌场上线了，美女荷官在线发牌，百万现金等你来拿	129891	3	False	33230	0.0	33230	0
1600	[ller]	1955170	2	False	113700	569.345	113700	0
1601	[ller]	1955170	2	False	59640	0.0	59640	0
1602	[ller]	1955170	2	True	115030	625.547	115030	634.56689453125
1603	澳门皇家赌场上线了，美女荷官在线发牌，百万现金等你来拿	129891	3	True	606230	116.429	606230	122.7575912475586
1604	澳门皇家赌场上线了，美女荷官在线发牌，百万现金等你来拿	129891	3	False	46060	0.0	46060	0
1605	[ller]	2231774	2	False	155230	0.0	155230	0
1606	澳门皇家赌场上线了，美女荷官在线发牌，百万现金等你来拿	878369	5	False	42410	0.0	42410	0
1607	[ller]	162405	2	True	302650	329.893	302650	319.3431091308594
1608	澳门皇家赌场上线了，美女荷官在线发牌，百万现金等你来拿	878369	5	True	118	0.001	126	0.001
1609	[ller]	1351114	2	True	469920	207.526	469920	118.29841613769531
1610	[ller]	1642274	2	False	11520	0.0	11520	0
1611	[ller]	1642274	2	False	10300	0.0	10300	0
1612	[ller]	1642274	2	False	11020	0.0	11020	0
1613	[ller]	1642274	2	False	10030	0.0	10030	0
1614	[ller]	1642274	2	False	32860	0.0	32860	0
1615	[ller]	795627	2	False	75760	0.0	75760	0
1616	[ller]	795627	2	True	317080	773.506	317080	676.982666015625
1617	[ller]	1053520	2	False	37570	0.0	37570	0
1618	[ller]	1053520	2	False	74520	0.0	74520	0
1619	[ller]	1053520	2	False	73790	0.0	73790	0
1620	[ller]	969681	2	True	126360	614.658	126360	568.8833618164062
1621	[ller]	1401254	2	True	90340	388.02	90340	303.31549072265625
1622	[ller]	1571309	2	False	46490	0.0	46490	0
1623	[ller]	1571309	2	False	128340	0.0	128340	0
1624	[ller]	181253	2	True	420610	473.22	420610	353.5614929199219
1625	[ller]	0	-1	False	699550	403.057	699550	0
1626	[ller]	0	-1	True	716160	1018.78	716160	0
1627	[ller]	48416	3	False	64830	0.0	64830	0
1628	[ller]	48416	3	False	27480	0.0	27480	0
1629	[ller]	48416	3	False	123250	0.0	123250	0
1630	[ller]	111680	3	False	91850	0.0	91850	0
1631	[ller]	771858	2	True	446160	768.581	446160	587.233642578125
1632	黄旭东	1946377	2	False	15690	0.0	15690	0
1633	黄旭东	1970565	2	True	111480	182.625	111480	158.05799865722656
1634	[ller]	869222	2	False	472920	0.0	472920	0
1635	黄旭东	1962380	2	True	97880	96.3701	97880	61.543033599853516
1636	[ller]	1744385	2	True	313380	549.483	313380	424.8248596191406
1637	黄旭东	1975912	2	False	20740	0.0	20740	0
1638	[ller]	676172	2	False	78730	0.0	78730	0
1639	黄旭东	1975912	2	True	107350	139.396	107350	102.63682556152344
1640	[ller]	676172	2	False	304910	312.959	304910	0
1641	黄旭东	1828835	2	True	103600	195.99	103600	164.40438842773438
1642	黄旭东	1956884	2	False	43480	0.0	43480	0
1643	黄旭东	1909552	2	False	12180	0.0	12180	0
1644	[ller]	676172	2	True	307000	628.438	307000	453.0888977050781
1645	黄旭东	1951094	2	True	184560	108.016	184560	69.95710754394531
1646	黄旭东	2103566	2	True	129100	136.502	129100	128.32449340820312
1647	黄旭东	2099567	2	True	88990	106.841	88990	72.22911834716797
1648	[ller]	2067473	2	True	345520	968.578	345520	437.0493469238281
1649	黄旭东	1844417	2	True	148360	261.207	148360	238.355224609375
1650	黄旭东	2195533	2	False	16390	0.0	16390	0
1651	黄旭东	1898522	2	False	10820	0.0	10820	0
1652	[ller]	1255789	2	True	128380	395.463	128380	263.46484375
1653	[ller]	1255789	2	False	128570	343.292	128570	0
1654	[ller]	1468473	2	True	150730	572.353	150730	267.5027770996094
1655	黄旭东	1898522	2	True	98200	98.3707	98200	57.29656219482422
1656	黄旭东	1864216	2	False	27900	0.0	27900	0
1657	[ller]	1919312	2	False	32040	0.0	32040	0
1658	黄旭东	1864216	2	True	108690	170.595	108690	132.95947265625
1659	黄旭东	1829038	2	False	18810	0.0	18810	0
1660	黄旭东	1829038	2	False	43680	0.0	43680	0
1661	黄旭东	1829038	2	True	96530	151.404	96530	151.4044952392578
1662	黄旭东	2245774	2	False	30190	0.0	30190	0
1663	[ller]	1919312	2	False	420640	430.73	420640	0
1664	[ller]	1919312	2	False	17490	0.0	17490	0
1665	[ller]	1919312	2	False	15370	0.0	15370	0
1666	[ller]	1919312	2	True	431540	627.162	431540	627.162109375
1667	[ller]	1783812	2	False	98340	0.0	98340	0
1668	黄旭东	1531739	0	False	1700	0.001	1700	0
1669	[ller]	1892257	2	True	114640	390.041	114640	390.0406799316406
1670	[ller]	1892257	2	False	42130	0.0	42130	0
1671	[ller]	953586	2	False	14550	0.0	14550	0
1672	[ller]	953586	2	False	18110	0.0	18110	0
1673	[ller]	953586	2	False	14350	0.0	14350	0
1674	黄旭东	1546217	0	False	323	0.001	323	0
1675	[ller]	953586	2	False	15520	0.0	15520	0
1676	[ller]	735272	2	False	73800	0.0	73800	0
1677	[ller]	735272	2	False	14450	0.0	14450	0
1678	[ller]	735272	2	False	73210	0.0	73210	0
1679	黄旭东	1299322	2	False	49800	0.0	49800	0
1680	[ller]	735272	2	False	108720	463.507	108720	0
1681	黄旭东	2111505	2	False	25710	0.0	25710	0
1682	[ller]	735272	2	False	111920	507.198	111920	0
1683	[ller]	735272	2	True	112090	657.575	112090	657.5746459960938
1684	黄旭东	2156842	2	True	441760	160.573	441760	160.5728302001953
1685	黄旭东	1632673	2	False	46060	0.0	46060	0
1686	黄旭东	1635980	2	False	39220	0.0	39220	0
1687	黄旭东	638493	2	False	41040	0.0	41040	0
1688	黄旭东	638493	2	False	16770	0.0	16770	0
1689	黄旭东	638493	2	False	26410	0.0	26410	0
1690	黄旭东	638493	2	True	121850	123.571	121850	123.57056427001953
1691	黄旭东	969681	2	False	13760	0.0	13760	0
1692	黄旭东	230523	2	False	14360	0.0	14360	0
1693	黄旭东	795627	2	False	28520	0.0	28520	0
1694	黄旭东	199593	2	True	227350	256.959	227350	256.95855712890625
1695	黄旭东	1009530	2	False	26430	0.0	26430	0
1696	黄旭东	1968445	2	False	22310	0.0	22310	0
1697	黄旭东	1925194	2	False	27860	0.0	27860	0
1698	黄旭东	435350	2	True	334210	203.388	334210	203.38760375976562
1699	黄旭东	241578	2	False	31970	0.0	31970	0
1700	黄旭东	205282	2	False	106750	0.0	106750	0
1701	黄旭东	274276	2	False	40390	0.0	40390	0
1702	黄旭东	89362	2	True	177600	131.911	177600	131.91136169433594
1703	黄旭东	106033	2	False	33110	0.0	33110	0
1704	黄旭东	147327	2	False	65960	0.0	65960	0
1705	黄旭东	1741498	2	False	48910	0.0	48910	0
1706	黄旭东	1741498	2	True	364280	278.104	364280	278.1036071777344
1707	黄旭东	341891	2	False	17550	0.0	17550	0
1708	黄旭东	350132	2	False	16740	0.0	16740	0
1709	黄旭东	350132	2	False	48280	0.0	48280	0
1710	黄旭东	1236582	2	False	12070	0.0	12070	0
1711	黄旭东	204536	2	False	20990	0.0	20990	0
1712	黄旭东	1945175	2	True	345980	335.935	345980	335.93499755859375
1713	黄旭东	37343	2	False	19150	0.0	19150	0
1714	黄旭东	1615502	2	False	36820	0.0	36820	0
1715	黄旭东	376752	2	False	23730	0.0	23730	0
1716	黄旭东	399756	2	False	30950	0.0	30950	0
